price,rating,sim_count,fast_charge,card,card_size,display_inches,displaypx_w,displaypx_h,refresh_rate,core,clock_speed,front_cam_1,front_cam_2,rear_cam_1,rear_cam_2,rear_cam_3,3g,4g,5g,rom,ram,battery,os
182999,78,2,,0,0,6.7,1290,2796,120,6,,12,,48,12,12,1,1,1,1,6,4323,1
179900,86,2,,0,0,6.7,1284,2778,120,6,3.22,12,,12,12,12,1,1,1,1,6,4352,1
172999,77,2,,0,0,6.1,1179,2556,120,6,,12,,48,12,12,1,1,1,1,6,3200,1
169900,78,2,,0,0,6.7,1290,2796,120,6,,12,,48,12,12,1,1,1,512,6,4323,1
169000,,2,55,,0,8,2200,2480,,8,2.86,,,,,,1,1,1,512,8,4500,0
163980,,2,25,,0,7.6,1812,2176,120,8,3.2,,,,,,1,1,1,1,12,4400,0
162990,89,2,66,,0,7.8,2200,2480,120,8,2.84,,,,,,1,1,,512,8,4600,0
154998,,2,25,,0,7.6,1812,2176,120,8,3.2,,,,,,1,1,1,256,12,4400,0
149999,87,2,,,0,7.2,1440,1920,,8,2.84,,,,,,1,1,1,128,8,3360,0
149900,79,2,,0,0,6.73,1290,2796,120,8,,12,,48,12,12,1,1,1,128,8,4700,1
147900,84,2,,0,0,6.1,1170,2532,120,6,3.22,12,,12,12,12,1,1,1,1,6,3095,1
142990,79,2,25,0,0,6.68,1284,2778,120,,,12,,50,12,12,1,1,1,256,8,4352,1
139990,77,2,,0,0,6.7,1290,2796,120,6,,12,,48,12,12,1,1,1,256,6,4323,1
139900,80,2,,,0,,,,,6,3.1,,,,,,1,1,1,512,6,,1
139900,84,2,,0,0,6.7,1284,2778,120,6,3.22,12,,12,12,12,1,1,1,256,6,4352,1
134999,,2,30,1,1000,6.5,1644,3840,120,8,2.84,8,,12,12,12,1,1,1,512,12,4500,0
134999,86,1,45,,0,7.4,1440,3200,,8,2.84,,,,,,1,1,,256,8,4000,0
130990,75,2,,,0,,,,,,,,,,,,1,1,1,128,8,,1
129990,76,2,,0,0,6.7,1290,2796,120,6,,12,,48,12,12,1,1,1,128,6,4323,1
129990,76,2,,0,0,6.1,1179,2556,120,6,,12,,48,12,12,1,1,1,256,6,3200,1
129900,84,2,,0,0,6.7,1284,2778,120,6,3.22,12,,12,12,12,1,1,1,128,6,4352,1
129900,83,2,,0,0,6.1,1170,2532,120,6,3.22,12,,12,12,12,1,1,1,256,6,3095,1
124990,89,2,,1,1000,6.6,1260,2730,240,8,3,12.6,,47.2,1.9,,1,1,1,256,12,5000,0
119990,75,2,,0,0,6.1,1179,2556,120,6,,12,,48,12,12,1,1,1,128,6,3200,1
119990,85,2,45,0,0,6.83,1200,2860,144,8,,60,,200,,,1,1,1,256,12,5100,0
119990,,2,66,,0,8.03,1916,2160,120,8,3.2,,,,,,1,1,1,256,12,4800,0
119900,83,2,,0,0,6.1,1170,2532,120,6,3.22,12,,12,12,12,1,1,1,128,6,3095,1
119900,80,2,,,0,,,,,6,3.1,,,,,,1,1,1,256,6,,1
118999,,2,45,,0,6.8,1440,3080,120,8,3,40,,108,,,1,1,1,512,12,5000,0
118990,,2,66,,0,8.03,1916,2160,120,8,3,,,,,,1,1,1,512,12,4600,0
114990,,2,45,0,0,6.8,1440,3088,120,8,3.2,12,,200,,,1,1,1,256,8,5000,0
113990,,2,80,,0,8.03,1916,2160,120,8,3.2,,,,,,1,1,1,256,12,4730,0
110999,89,2,25,,0,7.6,1768,2208,120,8,2.84,,,,,,1,1,1,256,12,4400,0
109999,87,2,,,0,7.8,1440,1920,,8,2.84,,,,,,1,1,1,128,8,4450,0
109990,,2,67,,0,8.01,1860,2480,90,8,2.84,,,,,,1,1,1,256,12,5020,0
109900,77,2,18,0,0,6.5,1242,2688,,6,2.65,12,,12,12,12,1,1,,64,4,3500,1
107990,,2,65,,0,6.78,1080,2448,165,8,3.2,,,,,,1,1,1,512,16,6000,0
106990,,2,66,,0,8.03,1916,2160,120,8,3,,,,,,1,1,1,256,12,4600,0
106990,,2,67,,0,8.02,1914,2160,120,8,3.2,,,,,,1,1,1,256,12,4500,0
105999,,2,25,,0,6.8,1440,3200,120,8,2.9,40,,108,,,1,1,1,256,12,5000,0
104999,,2,67,1,1000,6.71,1440,3214,120,8,3.2,10,,200,12,12,1,1,1,256,12,4500,0
104999,83,2,,0,0,6.7,1284,2778,,6,3.22,12,,12,12,,1,1,1,512,6,4325,1
101999,,2,25,,0,6.8,1440,3200,120,8,2.9,40,,108,,,1,1,1,128,12,5000,0
99999,,2,45,1,1000,6.9,1440,3200,,8,2.73,40,,108,,,1,1,1,128,12,5000,0
99990,,2,67,,0,7.1,1792,1920,120,8,3.2,,,,,,1,1,1,256,8,5000,0
99990,,2,45,,0,6.8,1440,3080,120,8,3,40,,108,,,1,1,1,128,8,5000,0
99990,85,2,66,0,0,6.76,1440,3200,120,8,3.13,13,,64,50,13,1,1,1,256,8,4500,0
95999,82,2,,0,0,6.1,1170,2532,,6,3.22,12,,12,12,,1,1,1,512,6,3279,1
94990,,2,67,,0,7.1,1792,1920,120,8,3.2,,,,,,1,1,1,256,12,4520,0
94990,,2,120,,0,6.76,1344,2772,120,8,3,13,,50,,,1,1,1,512,12,4600,0
92999,89,2,,1,512,6.8,1440,3040,,8,2.7,10,,12,,,1,1,1,256,12,4300,0
92980,,2,30,1,0,6.5,1644,3840,120,8,3,12,,12,,,1,1,1,512,12,5000,0
92249,,2,33,,0,7.1,1792,1920,120,8,2.84,,,,,,1,1,1,256,8,4500,0
91999,,2,45,,0,6.8,1440,3080,120,8,3,40,,108,,,1,1,1,256,12,5000,0
91999,80,2,,0,0,6.1,1170,2532,,6,3.22,12,,12,12,,1,1,1,512,4,3240,1
89999,88,2,65,0,0,6.78,1080,2448,165,8,3.2,12,,50,13,5,1,1,1,512,18,6000,0
89999,88,2,25,,0,6.7,1080,2640,120,8,3.2,,,,,,1,1,1,128,8,3700,0
89990,88,1,44,,0,6.8,1200,2400,120,8,3.05,,,,,,1,1,1,128,8,4300,0
88999,88,2,45,,0,6.6,1080,2340,120,8,3,10,,50,12,10,1,1,1,256,8,4500,0
86000,87,2,25,,0,6.7,1080,2400,,8,2.73,10,,64,12,12,1,1,,256,8,4300,0
85990,,2,25,1,1000,6.7,1440,3200,,8,2.73,10,,64,,,1,1,1,128,8,4500,0
84999,83,2,,0,0,6.7,1284,2778,,6,3.22,12,,12,12,,1,1,1,256,6,4325,1
84990,89,2,45,,0,6.6,1080,2340,120,8,3.2,12,,50,12,10,1,1,1,256,8,4700,0
84990,75,2,,0,0,6.71,1284,2778,120,6,,12,,12,12,,1,1,1,128,8,4532,1
83000,88,2,25,1,1000,6.7,1440,3200,120,8,2.73,10,,64,,,1,1,,128,8,4500,0
82990,72,2,,0,0,6.06,1170,2532,,,,13,,50,13,,1,1,,128,6,3285,1
82990,,2,120,,0,6.78,1440,3200,120,8,3.2,32,,50,,,1,1,1,256,12,4500,0
82990,,2,80,,0,7,1440,3080,120,8,3,16,,50,,,1,1,1,512,12,5000,0
82990,,2,40,1,256,6.58,1200,2640,90,8,2.86,32,,50,,,1,1,1,256,8,4200,0
82199,89,2,30,1,0,6.1,1080,2520,120,8,3,12,,12,12,12,1,1,1,256,8,5000,0
81999,,2,30,,0,6.7,1440,3120,120,8,2.85,10.8,,50,48,12,1,1,1,128,12,5000,0
79999,,2,80,0,0,6.78,1440,3200,120,8,3,32,,50,,,1,1,1,256,12,4700,0
79990,,2,,,0,6.8,1080,2460,,8,2.84,,,,,,1,1,1,128,8,5000,0
79990,,2,80,,0,6.7,1440,3216,120,8,3,32,,50,50,13,1,1,1,256,8,5000,0
79700,,2,30,,0,6.71,1440,3120,120,8,2.8,11.1,,50,48,12,1,1,1,256,12,5003,0
78990,86,1,25,1,512,6.7,1440,3040,,8,2.7,10,,16,12,12,1,1,1,256,8,4500,0
77990,,2,120,,0,6.78,1080,2400,120,8,3.2,32,,50,50,50,1,1,1,256,12,4700,0
75999,82,2,,0,0,6.1,1170,2532,,6,3.22,12,,12,12,,1,1,1,256,6,3279,1
75999,,2,67,,0,6.73,1440,3200,120,8,3.2,20,,50,50,50,1,1,1,256,12,4800,0
75990,87,2,120,0,0,6.8,1080,2448,165,8,3.2,32,,64,16,8,1,1,1,256,18,6000,0
74999,82,2,,0,0,6.7,1284,2778,,6,3.22,12,,12,12,,1,1,1,128,6,4325,1
74999,,2,80,,0,6.7,1440,3216,120,8,3,32,,50,48,8,1,1,1,512,12,5000,0
74999,89,2,25,1,1000,6.2,1440,3200,,8,2.73,10,,64,12,12,1,1,1,128,8,4000,0
73999,,2,80,,0,6.78,1440,3200,120,8,3.2,32,,50.3,,,1,1,1,256,12,4700,0
72999,79,2,,0,0,6.1,1170,2532,,6,3.22,12,,12,12,,1,1,1,256,4,3240,1
72999,88,2,65,0,0,6.78,1080,2448,165,8,3.2,12,,50,13,5,1,1,1,256,16,6000,0
71999,,2,120,,0,6.6,1440,3200,120,8,3.2,32,,108,,,1,1,1,256,12,5000,0
71999,60,2,,0,0,6.1,828,1792,,,,7,,12,5,,1,1,,64,4,3060,1
71999,86,2,65,0,0,6.78,1080,2448,165,8,3.2,12,,50,13,5,1,1,1,256,12,6000,0
70990,88,2,25,,0,6.1,1080,2340,120,8,3.2,12,,50,12,10,1,1,1,128,8,3900,0
70990,88,1,44,,0,6.8,1080,2520,120,8,3.2,,,,,,1,1,1,256,8,4300,0
70990,80,2,67,,0,6.73,1440,3120,120,8,,12,,50,50,50,1,1,1,256,12,5000,0
69999,,2,100,,0,6.7,1440,3216,120,8,3.2,16,,50,48,32,1,1,1,128,8,4500,0
69999,83,2,120,0,0,6.73,1080,2448,165,,,32,,50,50,50,1,1,1,512,16,5000,0
69999,84,1,15,,0,6.7,1080,2640,120,8,2.84,,,,,,1,1,1,128,8,3300,0
69999,,2,150,,0,6.73,1440,3412,144,8,3.2,32,,108,50,48,1,1,1,256,12,4800,0
69999,89,2,21,1,0,6.5,1644,3840,,8,2.84,8,,12,,,1,1,1,256,8,4000,0
69990,70,2,,0,0,5.42,1080,2340,,,,12,,12,12,,1,1,,128,6,3500,1
69990,,2,67,,0,6.73,1440,3200,120,8,3.2,32,,50,48,48,1,1,1,256,8,4860,0
69990,86,2,21,1,0,6.1,1080,2520,120,8,2.84,8,,12,12,12,1,1,1,128,8,4000,0
69990,,2,66,1,256,6.76,1344,2772,90,8,3.13,13,,50,20,12,1,1,,128,8,4400,0
69990,89,2,120,,0,6.73,1080,2400,120,8,3.2,32,,50,48,32,1,1,1,256,8,4700,0
67999,76,2,,,0,,,,,6,3.1,,,,,,1,1,1,256,4,,1
65999,81,2,,0,0,6.1,1170,2532,,6,3.22,12,,12,12,,1,1,1,128,6,3279,1
65499,,2,80,,0,6.7,1440,3216,120,8,3,32,,50,48,8,1,1,1,256,12,5000,0
64999,89,2,120,,0,6.78,1440,3200,144,8,3.2,16,,50,13,8,1,1,1,256,16,5000,0
64900,79,2,,0,0,5.4,1080,2340,,6,3.22,12,,12,12,,1,1,1,128,4,2438,1
64800,89,2,65,0,0,6.7,1440,3216,120,8,2.84,16,,48,,,1,1,1,128,8,4500,0
64449,87,2,45,,0,6.6,1080,2340,120,8,3,10,,50,12,10,1,1,1,128,8,4500,0
63990,86,2,30,,0,5.9,1080,2400,120,8,3.2,12,,50,12,,1,1,1,128,8,4300,0
62999,79,2,,0,0,6.1,1170,2532,,6,3.22,12,,12,12,,1,1,1,128,4,3240,1
61990,89,2,65,,0,6.8,1116,2480,120,8,3,16,,64,64,64,1,1,1,128,8,5000,0
60999,89,2,80,,0,6.7,1440,3216,120,8,3,32,,50,48,8,1,1,1,128,8,5000,0
60999,86,2,165,,0,6.8,1116,2480,120,8,3.2,16,,50,8,2,1,1,1,256,12,5000,0
60999,,2,66,1,256,6.6,1288,2700,120,8,2.84,13,,50,,,1,1,,256,8,4360,0
60990,86,2,135,,0,6.8,1080,2400,120,8,3.2,8,,64,8,2,1,1,1,256,12,5000,0
59999,88,2,120,,0,6.78,1440,3200,144,8,3.2,16,,50,13,8,1,1,1,256,8,5000,0
59999,,2,125,,0,6.67,1080,2400,144,8,3.2,60,,200,50,12,1,1,1,256,12,4610,0
59999,88,2,80,0,0,6.78,1080,2400,120,8,3.05,32,,50,12,12,1,1,1,256,12,4500,0
59999,89,2,120,,0,6.5,1080,2400,144,8,2.84,20,,64,16,,1,1,1,512,16,5000,0
59990,89,2,120,,0,6.67,1220,2712,120,8,3.2,20,,200,8,2,1,1,1,128,8,5000,0
59990,89,2,125,,0,6.7,1080,2460,165,8,3.2,60,,50,50,12,1,1,1,128,8,4800,0
59990,88,2,120,,0,6.78,1440,3200,120,8,3,16,,50,50,16,1,1,1,256,8,4700,0
59990,,2,125,,0,6.67,1080,2340,144,8,3.2,60,,200,50,12,1,1,1,128,8,4450,0
59990,88,2,,1,1000,6.5,1440,3168,,8,2.84,16,,48,12.2,12.2,1,1,,256,12,3730,0
59450,88,2,25,,0,6.7,1080,2400,120,8,2.9,10,,64,12,12,1,1,1,128,8,4800,0
58999,89,2,45,1,1000,6.8,1440,3040,,8,2.73,10,,12,,,1,1,,256,12,4300,0
58990,,2,120,0,0,6.73,1440,3200,120,8,3.2,32,,50.3,50,50,1,1,1,128,8,4820,0
58990,88,2,80,,0,6.73,1080,2412,120,8,3.2,32,,64,,,1,1,1,256,12,4700,0
58990,89,2,200,,0,6.78,1440,3200,144,8,3.2,16,,50,50,13,1,1,1,256,8,4700,0
57999,87,2,25,,0,6.1,1080,2340,120,8,3,10,,50,12,10,1,1,1,256,8,3700,0
57999,89,1,18,,0,6.7,1080,2340,90,8,2.84,25,,108,16,8,1,1,1,256,12,5000,0
56999,,2,120,0,0,6.78,1260,2800,120,8,3.05,32,,50.3,50,12,1,1,1,256,8,4870,0
55999,75,2,,,0,,,,,6,3.1,,,,,,1,1,1,128,4,,1
55999,87,2,150,,0,6.7,1080,2412,120,8,3.2,16,,50,8,2,1,1,1,256,16,4800,0
55999,75,2,,,0,,,,,6,3.1,,,,,,1,1,1,256,4,,1
54999,89,2,100,0,0,6.7,1440,3216,120,8,3.2,16,,50,48,32,1,1,1,256,12,5000,0
54999,,2,125,,0,6.67,1080,2400,144,8,3.2,60,,200,50,12,1,1,1,128,8,4610,0
54999,86,2,80,0,0,6.78,1080,2400,120,8,3.05,32,,50,12,12,1,1,1,128,8,4500,0
54999,89,2,,,0,6.8,1080,2460,,8,2.4,,,,,,1,1,1,128,8,4000,0
54999,85,2,25,1,0,6.8,1080,2460,,8,2.4,16,,48,8,5,1,1,1,128,6,4300,0
54999,77,2,,0,0,6.5,1080,2400,,,,32,,64,,,1,1,1,128,8,4500,0
54999,88,2,30,0,0,6.67,1080,2340,90,8,2.84,20,,108,,,1,1,1,256,8,4780,0
54999,89,2,67,,0,6.43,1440,3200,120,8,3.2,32,,50,50,50,1,1,1,256,12,5000,0
54990,86,2,67,,0,6.73,1440,3200,120,8,3.2,20,,50,8,2,1,1,1,128,8,5000,0
54990,,2,100,,0,6.78,1200,2652,120,8,3,50,,200,50,8,1,1,1,256,12,4500,0
54300,89,2,30,,0,6.71,1440,3120,120,8,2.8,11.1,,50,48,12,1,1,1,128,12,5003,0
53990,75,2,67,,0,6.6,1080,2400,120,8,,10.1,,50,8,,1,1,1,128,8,4830,0
53100,86,2,30,,0,6.3,1080,2400,90,8,2.85,10.8,,50,12,,1,1,1,128,8,4355,0
52990,,1,,,0,4.7,750,1334,,4,2.37,7,,13,,,1,1,,32,3,2230,1
51999,74,2,,,0,,,,,6,3.1,,,,,,1,1,1,64,4,,1
51999,79,2,33,0,0,6.4,1080,2400,120,8,,32,,12,12,8,1,1,1,128,8,4200,0
51880,,2,120,,0,6.73,1440,3200,120,8,3,32,,50,50,50,1,1,1,256,12,4600,0
50999,87,2,150,,0,6.7,1080,2412,120,8,3.2,16,,50,8,2,1,1,1,256,12,4800,0
50990,89,2,120,,0,6.73,1440,3200,120,8,3,32,,50,50,50,1,1,1,256,8,4600,0
50990,,2,65,,0,6.7,1440,3216,120,8,2.84,32,,50,,,1,1,1,256,12,4500,0
49999,86,2,25,,0,6.1,1080,2340,120,8,3,10,,50,12,10,1,1,1,128,8,3700,0
49999,89,2,45,,0,6.8,1080,2400,120,8,3.05,32,,50,50,13,1,1,1,256,12,5160,0
49990,,2,44,1,0,6.51,1080,2408,144,8,3.2,32,,200,,,1,1,1,128,8,6000,0
49990,84,2,80,,0,6.67,1080,2400,144,8,3,16,,64,50,8,1,1,1,128,8,5000,0
49990,77,2,120,,0,6.67,1080,2400,120,8,,32,,50,13,2,1,1,1,256,12,5000,0
49990,60,2,,,0,,,,,6,3.22,,,,,,1,1,1,,64,,1
49990,89,2,68,,0,6.6,1080,2400,144,8,3.2,32,16,50,13,2,1,1,1,128,8,5000,0
49959,89,2,65,,0,6.7,1440,3216,120,8,3,32,,50,50,2,1,1,1,128,8,5000,0
48990,87,2,120,,0,6.67,1220,2712,120,8,2.85,20,,108,8,2,1,1,1,128,8,5000,0
48900,88,2,25,,0,6.2,1080,2400,120,8,2.9,10,,64,12,12,1,1,1,128,8,4000,0
47990,85,2,120,,0,6.78,1080,2400,120,8,3.2,16,,50,13,12,1,1,1,128,8,4700,0
47990,80,2,,0,0,6.7,1080,2400,,8,3,16,,48,12,5,1,1,1,128,8,5000,0
47990,86,2,150,,0,6.7,1080,2412,120,8,3.2,16,,50,8,2,1,1,1,256,12,4800,0
46999,75,2,,0,0,6.1,828,1792,,6,2.65,12,,12,12,,1,1,,128,4,3110,1
46999,,2,65,1,0,6.9,1400,3200,120,8,3,32,,200,,,1,1,1,256,12,6000,0
46999,89,2,65,,0,6.7,1440,3216,120,8,3,32,,50,50,2,1,1,1,256,12,5000,0
46990,84,2,80,,0,6.8,1116,2480,120,8,3.2,16,,50,8,2,1,1,1,128,8,6000,0
46990,89,2,67,,0,6.36,1080,2400,120,8,3.2,32,,50,12,10,1,1,1,128,8,4500,0
46990,87,2,68,,0,6.92,1080,2460,144,8,3,16,,64,13,,1,1,1,256,12,5600,0
45999,86,2,80,,0,6.7,1080,2412,120,8,3.2,32,,50,8,2,1,1,1,256,16,4700,0
45999,86,2,80,,0,6.7,1080,2412,120,8,2.85,32,,50,8,2,1,1,1,256,12,4500,0
45999,86,2,80,,0,6.7,1080,2412,120,8,2.85,32,,50,8,2,1,1,1,256,12,4500,0
45999,75,2,,,0,,,,,6,3.1,,,,,,1,1,1,128,4,,1
45999,88,2,33,1,2000,6.58,1080,2408,120,8,2.6,32,,108,20,16,1,1,1,256,12,22000,0
44999,85,2,150,,0,6.7,1080,2412,120,8,3.2,16,,50,8,2,1,1,1,128,8,4800,0
44999,83,2,67,1,1000,6.7,1080,2412,120,8,,32,,108,,,1,1,1,128,8,5000,0
44999,86,2,65,0,0,6.55,1080,2400,120,8,2.84,16,,108,,,1,1,1,128,8,4500,0
44999,84,2,30,,0,6.8,1080,2400,165,8,2.9,8,,64,8,2,1,1,1,128,8,5050,0
44990,87,2,65,,0,6.55,1080,2400,90,8,3.2,32,,50,,,1,1,1,128,8,4500,0
43999,87,2,120,,0,6.73,1080,2400,144,8,3.2,32,,108,8,2,1,1,1,256,12,5000,0
43999,88,2,25,0,0,6.4,1080,2340,120,8,2.9,32,,12,12,8,1,1,1,256,8,4500,0
43900,,2,,,0,,,,,6,3.22,,,,,,1,1,1,,64,,1
42999,,2,33,1,1000,6.7,1080,2412,120,8,2.36,32,,108,,,1,1,1,128,8,5000,0
42999,85,2,,,0,6.62,1080,2400,120,8,2.84,16,,50,16,2,1,1,1,128,8,4500,0
42999,81,2,15,1,512,6.4,1440,3040,,8,2.7,10,8,16,12,12,1,1,,128,8,4100,0
42999,86,2,150,0,0,6.67,1080,2412,120,8,3,20,,64,8,2,1,1,1,128,8,4500,0
42990,87,2,100,,0,6.7,1080,2400,120,8,3.2,32,,64,8,2,1,1,1,256,12,4800,0
42990,86,2,120,,0,6.73,1080,2412,120,8,3.05,32,,50,8,,1,1,1,256,16,5000,0
42990,85,2,80,,0,6.7,1080,2412,120,8,2.85,32,,50,8,2,1,1,1,256,8,4500,0
42990,87,2,67,,0,6.28,1080,2400,120,8,3,32,,50,13,5,1,1,1,128,8,4500,0
42990,87,2,68,0,0,6.67,1080,2400,144,8,3.2,32,,50,13,2,1,1,1,128,8,4500,0
41999,,2,25,1,1000,6.7,1080,2400,120,8,2.4,32,,108,,,1,1,1,128,8,5000,0
41999,88,2,25,1,1000,6.2,1440,3200,120,8,2.73,10,,64,12,12,1,1,,128,8,4000,0
41990,88,2,120,0,0,6.78,1260,2800,120,8,3.05,32,,50,12,12,1,1,1,128,8,4810,0
41990,,2,25,1,1000,6.7,1080,2400,120,8,2.4,32,,108,,,1,1,1,256,8,5000,0
41990,,2,125,,0,6.67,1080,2400,144,8,3.2,60,,200,50,12,1,1,1,128,8,4450,0
41990,85,2,33,1,1000,6.43,1080,2400,90,8,2.2,16,,50,13,,1,1,1,128,6,4200,0
40999,74,2,,,0,,,,,6,3.1,,,,,,1,1,1,64,4,,1
40990,86,2,100,,0,6.7,1080,2412,120,8,3.2,16,,50,50,,1,1,1,128,8,5000,0
40480,84,2,30,,0,6.4,1080,2400,90,8,2.8,8,,50,12,,1,1,1,128,8,4614,0
39999,85,2,100,,0,6.7,1080,2412,120,8,3.2,16,,50,12,2,1,1,1,128,8,5000,0
39999,87,2,25,0,0,6.4,1080,2340,120,8,2.9,32,,12,12,8,1,1,1,128,8,4500,0
39999,85,2,45,,0,6.8,1080,2400,120,8,3.05,32,,64,13,2,1,1,1,256,8,5160,0
39999,86,2,67,,0,6.7,1080,2412,120,8,2.85,32,,50,8,,1,1,1,256,16,4500,0
39999,89,2,125,,0,6.7,1080,2400,165,8,3.2,60,,50,50,12,1,1,1,128,8,4600,0
39999,88,2,68,0,0,6.55,1080,2400,144,8,2.9,32,,50,13,2,1,1,1,128,8,4400,0
39999,86,2,66,,0,6.56,1080,2376,120,8,3,32,,64,8,2,1,1,1,256,12,4830,0
39999,87,2,65,,0,6.78,1080,2448,144,8,2.9,24,,64,13,5,1,1,1,128,8,6000,0
39999,86,2,120,0,0,6.67,1080,2400,120,8,3,20,,64,8,2,1,1,1,128,8,4700,0
39999,83,2,25,1,1000,6.7,1080,2400,,8,2.7,32,,12,12,12,1,1,,128,6,4500,0
39999,85,2,120,,0,6.67,1220,2712,144,8,3.2,20,,108,8,2,1,1,1,128,8,5000,0
39990,88,2,66,,0,6.67,1080,2400,120,8,3.2,32,,50,50,50,1,1,1,128,8,4700,0
39990,88,2,66,,0,6.67,1080,2400,120,8,2.5,32,,54,50,2,1,1,1,512,12,4800,0
39990,86,2,25,1,1000,6.71,1440,3200,120,8,2.96,10,,64,12,5,1,1,1,128,6,4500,0
39990,86,2,25,1,1000,6.71,1440,3200,120,8,3.2,10,,64,12,5,1,1,1,128,6,4500,0
39990,85,2,120,,0,6.56,1080,2376,120,8,2.9,16,,48,13,13,1,1,1,256,12,4350,0
39990,87,2,33,1,0,6.51,1080,2400,144,8,3.2,16,,200,,,1,1,1,128,6,6000,0
39990,84,2,66,,0,6.62,1080,2400,120,8,2.84,16,,48,13,13,1,1,1,128,8,4000,0
39990,78,2,,1,512,6.4,1080,2340,,8,2.2,24,,24,10,5,1,1,,128,6,3400,0
39900,63,2,18,,0,4.7,750,1334,,6,2.65,7,,12,,,1,1,,64,3,1821,1
38999,73,2,,0,0,6.1,828,1792,,6,2.65,12,,12,12,,1,1,,64,4,3110,1
38999,85,2,120,,0,6.67,1440,3200,120,8,3.2,16,,54,8,2,1,1,1,128,8,5000,0
38999,88,2,120,,0,6.67,1080,2400,120,8,2.84,16,,108,8,5,1,1,1,256,12,5000,0
38700,84,2,65,,0,6.53,1080,2400,90,8,2.6,32,,64,,,1,1,1,128,8,4350,0
36999,87,2,80,,0,6.7,1080,2412,120,8,2.85,16,,50,8,2,1,1,1,256,12,5000,0
36999,89,2,180,1,0,6.8,1080,2400,120,8,2.5,32,,200,13,2,1,1,1,256,8,4500,0
36994,87,2,44,0,0,6.56,1080,2376,90,8,3,50,8,108,8,2,1,1,1,256,12,4300,0
36760,87,2,65,0,0,6.55,1080,2400,90,8,3,32,,64,,,1,1,1,256,12,4500,0
36499,89,2,25,1,1000,6.5,1080,2400,120,8,2.4,32,,64,,,1,1,1,256,8,5000,0
36000,82,2,18,,0,6,1080,2340,90,8,2.4,8,,16,12.2,,1,1,1,128,8,4080,0
35999,85,2,66,,0,6.56,1080,2376,120,8,3,32,,64,8,2,1,1,1,128,8,4830,0
35999,87,2,33,,0,6.55,1080,2400,120,8,2.5,16,,50,50,,1,1,1,256,12,4500,0
35990,85,2,66,,0,6.62,1080,2400,120,8,3.2,16,,48,13,2,1,1,1,256,12,4400,0
35499,86,2,66,,0,6.78,1080,2400,120,8,3.1,50,,50,8,2,1,1,1,256,8,4600,0
35489,86,2,25,1,1000,6.5,1080,2400,120,8,2.73,32,,12,12,8,1,1,,128,8,4500,0
35389,85,2,80,,0,6.7,1080,2412,120,8,2.85,16,,50,8,2,1,1,1,128,8,5000,0
34999,89,2,68,,0,6.7,1080,2400,144,8,3,60,,50,50,2,1,1,1,128,8,4800,0
34999,85,2,25,1,1000,6.67,1080,2412,90,8,2.84,32,,64,12,5,1,1,1,128,6,6000,0
34999,76,2,25,1,1000,6.4,1080,2400,120,8,,32,,50,12,5,1,1,1,128,6,5000,0
34999,84,2,100,,0,6.7,1080,2412,120,8,3.2,16,,50,8,2,1,1,1,128,8,5000,0
34999,83,2,240,,0,6.7,1080,2412,120,8,3.2,16,,50,8,2,1,1,1,128,8,4600,0
34999,76,1,33,1,0,6.81,1080,2400,,,,32,,108,,,1,1,1,64,6,6000,0
34999,82,2,80,,0,6.67,1080,2400,144,8,3.2,16,,64,50,,1,1,1,128,8,5000,0
34999,76,2,120,,0,6.57,1080,2400,120,8,,32,,64,12,5,1,1,1,128,8,5000,0
34999,86,2,67,,0,6.5,1080,2412,144,8,2.36,32,,50,50,2,1,1,1,128,8,4200,0
34999,78,2,,1,512,6.2,1440,2960,,8,2.8,8,,12,12,,1,1,,128,6,3500,0
34990,69,2,,0,0,6.1,1080,2400,90,8,,8,,12.2,12,,1,1,1,128,6,4410,0
34990,84,2,120,,0,6.56,1080,2376,120,8,2.9,16,,48,13,13,1,1,1,128,8,4350,0
34990,86,2,120,,0,6.67,1080,2400,120,8,2.84,16,,108,8,5,1,1,1,128,8,5000,0
34990,85,2,67,,0,6.7,1080,2400,120,8,3.2,32,,64,8,5,1,1,1,128,8,4700,0
34990,83,2,68.2,,0,6.67,1080,2460,120,8,3,16,,64,8,2,1,1,1,128,8,5000,0
34949,85,2,66,,0,6.62,1080,2400,120,8,2.84,16,,48,13,2,1,1,1,256,12,4500,0
33900,85,2,80,,0,6.43,1080,2400,90,8,3,32,,50,8,2,1,1,1,256,12,4500,0
33749,84,2,80,,0,6.62,1080,2400,120,8,3.2,16,,64,8,2,1,1,1,256,12,4700,0
33499,89,2,25,1,1000,6.5,1080,2400,120,8,2.4,32,,64,,,1,1,1,128,8,5000,0
32999,86,2,80,,0,6.7,1080,2412,120,8,2.85,16,,50,8,2,1,1,1,128,8,5000,0
32999,83,2,210,1,512,6.67,1080,2460,120,8,2.36,32,,108,,,1,1,1,128,6,5200,0
32999,87,2,120,0,0,6.67,1080,2400,120,8,2.6,16,,200,8,2,1,1,1,256,12,4980,0
32999,85,2,33,,0,6.44,1080,2400,,8,2.4,44,8,64,,,1,1,1,128,8,4300,0
32999,84,2,120,,0,6.73,1080,2412,120,8,2.5,32,,50,8,2,1,1,1,256,8,5000,0
32999,79,2,67,,0,6.67,1080,2400,120,8,3,16,,64,8,2,1,1,1,128,6,5065,0
32999,78,1,18,,0,6.34,1080,2400,,8,2.4,8,,16,12.2,,1,1,1,128,6,4620,0
32990,84,2,120,,0,6.78,1080,2400,120,8,3.2,16,,50,8,2,1,1,1,256,8,5000,0
32990,85,2,65,,0,6.55,1080,2400,120,8,3.2,32,,50,13,2,1,1,1,128,8,4500,0
32990,84,2,80,1,0,6.67,1080,2400,120,8,2.4,32,,64,8,2,1,1,1,256,8,5000,0
32990,84,2,80,,0,6.43,1080,2400,90,8,3,32,,50,8,2,1,1,1,128,8,4500,0
32990,85,2,66,0,0,6.57,1080,2340,120,8,2.4,32,,108,,,1,1,1,128,6,4300,0
32990,86,2,80,,0,6.7,1080,2400,120,8,3.1,32,32,64,20,2,1,1,1,256,8,5000,0
31999,87,2,25,1,1000,6.5,1080,2400,120,8,2.4,32,,64,,,1,1,1,128,6,5000,0
31999,85,2,44,1,1000,6.44,1080,2408,90,8,2,50,,64,8,2,1,1,1,256,12,4500,0
31999,82,2,65,,0,6.62,2400,1080,120,8,3.2,16,,64,8,2,1,1,1,128,8,5000,0
31994,85,2,44,0,0,6.56,1080,2376,90,8,3,50,8,108,8,2,1,1,1,128,8,4300,0
31994,87,2,65,1,0,6.55,1080,2400,90,8,3,32,,50,8,2,1,1,1,256,12,4500,0
31994,83,2,80,,0,6.7,1080,2412,120,8,2.85,16,,50,8,2,1,1,1,128,8,5000,0
31990,86,2,80,1,1000,6.67,1080,2408,120,8,2.7,32,,64,8,2,1,1,1,256,8,4700,0
31990,84,2,68,,0,6.28,1080,2400,120,8,2.2,32,,64,13,,1,1,1,128,8,4020,0
31239,88,2,,1,0,6.5,1080,2400,120,8,2.84,32,,12,12,8,1,1,1,128,8,4500,0
30994,85,2,65,,0,6.43,1080,2400,120,8,2.84,16,,64,8,2,1,1,1,128,8,4500,0
30990,87,2,67,1,1000,6.7,1080,2412,120,8,3,16,,108,2,,1,1,1,128,8,5000,0
30990,83,2,66,,0,6.62,1080,2400,120,8,2.84,16,,48,13,2,1,1,1,128,8,4500,0
30990,86,2,66,,0,6.67,1080,2400,120,8,2.5,32,,54,50,2,1,1,1,256,8,4800,0
30990,85,2,33,,0,6.67,1080,2400,120,8,2.84,20,,108,8,5,1,1,1,128,8,4520,0
30990,78,1,30,1,0,6,1080,2520,,8,2,8,,12,8,8,1,1,1,64,6,4500,0
29999,86,2,120,0,0,6.67,1080,2400,120,8,2.6,16,,200,8,2,1,1,1,256,8,4980,0
29999,82,2,120,,0,6.78,1080,2400,120,8,3.1,16,,64,2,2,1,1,1,128,8,5000,0
29999,71,2,,0,0,6.14,1080,2400,,8,,8,,12.2,12,,1,1,1,128,6,4410,0
29999,86,2,67,,0,6.67,1080,2400,120,8,3.2,20,,64,8,2,1,1,1,256,12,4500,0
29999,84,2,67,,0,6.67,1440,3200,120,8,3.2,16,,64,8,2,1,1,1,128,8,5500,0
29999,82,2,18,1,256,6.38,1080,2340,,8,2,32,,48,,,1,1,,128,8,4500,0
29999,86,2,33,1,0,6.44,1080,2400,90,8,2.4,44,,64,8,2,1,1,1,128,8,4000,0
29999,86,2,33,,0,6.67,1080,2400,144,8,2.84,20,,108,13,5,1,1,1,128,8,5000,0
29999,80,2,120,,0,6.73,1080,2400,144,8,3,16,,50,8,2,1,1,1,128,8,5000,0
29999,83,2,80,,0,6.43,1080,2412,120,8,2.36,32,,50,12,5,1,1,1,128,8,4500,0
29999,85,2,67,,0,6.55,1080,2400,120,8,2.4,32,32,50,20,2,1,1,1,128,8,4500,0
29990,87,2,66,1,1000,6.67,1080,2400,120,8,2.2,16,,108,13,2,1,1,1,256,8,5000,0
29990,85,2,66,,0,6.78,1080,2400,120,8,3.2,50,,64,8,2,1,1,1,128,8,4600,0
29990,61,1,,0,0,4.7,750,1334,,6,2.65,7,,12,,,1,1,,64,3,2050,1
29990,84,2,67,,0,6.67,1440,3200,120,8,3.2,16,,64,8,2,1,1,1,128,8,5500,0
29990,82,2,66,0,0,6,1080,2400,120,8,2.4,50,8,50,8,2,1,1,1,128,8,5000,0
29990,84,2,80,0,0,6.7,1080,2400,144,8,3.2,32,,64,8,2,1,1,1,128,8,5000,0
29990,84,2,33,1,0,6.78,1080,2400,,8,2,16,,64,20,2,1,1,,256,8,21000,0
29990,84,2,80,,0,6.43,1080,2400,90,8,3,32,,50,8,2,1,1,1,128,8,4500,0
29990,82,2,67,0,0,6.55,1080,2400,120,8,2.4,32,,108,8,2,1,1,1,128,6,4300,0
29990,83,2,66,,0,6.57,1080,2340,120,8,2.4,32,,50,,,1,1,,128,8,4300,0
29990,76,2,67,1,1000,6.44,1080,2408,90,8,,16,,50,8,2,1,1,1,128,8,4500,0
29990,83,2,65,,0,6.43,1080,2400,,8,2.4,32,,64,,,1,1,1,128,8,4300,0
29990,82,2,66,,0,6.67,1080,2400,120,8,2.4,60,,50,8,2,1,1,,128,8,4000,0
29990,81,2,80,0,0,6.62,1080,2400,120,8,2.84,16,,50,8,2,1,1,1,128,8,5000,0
29340,83,2,80,,0,6.43,1080,2400,90,8,3,32,,50,8,2,1,1,1,128,8,4500,0
28999,84,2,80,,0,6.43,1080,2400,90,8,3,32,,50,8,2,1,1,1,128,8,4500,0
28999,82,2,80,,0,6.62,1080,2400,120,8,3.2,16,,64,8,2,1,1,1,128,8,4700,0
28999,82,2,65,1,256,6.4,1080,2400,120,8,3,32,,64,8,2,1,1,1,128,6,5000,0
28999,85,2,120,,0,6.67,1080,2460,120,8,3.1,32,,50,13,2,1,1,1,128,8,5080,0
28994,84,2,65,,0,6.62,1080,2400,120,8,2.84,16,,50,8,2,1,1,1,128,8,5000,0
28990,84,2,80,1,0,6.7,1080,2400,120,8,2.2,32,,108,13,2,1,1,1,256,8,5000,0
28990,84,2,150,,0,6.7,1080,2412,120,8,2.85,16,,50,8,2,1,1,1,128,8,4500,0
28990,85,2,67,0,0,6.6,1080,2460,144,8,2.85,16,,64,8,2,1,1,1,256,8,5080,0
28499,83,2,67,,0,6.7,1080,2412,120,8,2.4,32,,64,2,,1,1,1,256,8,4500,0
28499,82,2,80,,0,6.62,1080,2400,120,8,3.2,16,,64,8,2,1,1,1,256,8,5000,0
28498,81,2,20,1,0,6.58,1080,2400,120,8,2.2,8,,50,5,2,1,1,1,128,6,4500,0
28249,86,2,33,,0,6.55,1080,2400,120,8,2.5,16,,50,50,,1,1,1,256,8,4500,0
27999,83,2,44,1,1000,6.44,1080,2408,90,8,2,50,,64,8,2,1,1,1,128,8,4500,0
27999,85,2,67,0,0,6.7,1080,2412,120,8,2.6,16,,108,8,2,1,1,1,256,8,5000,0
27999,84,2,120,,0,6.43,1080,2400,90,8,3.1,32,,50,12,5,1,1,1,128,8,4200,0
27999,81,2,40,,0,6.67,1080,2400,120,8,2.2,16,,64,5,2,1,1,1,256,8,5100,0
27999,87,2,65,0,0,6.44,1080,2400,90,8,2.84,32,8,64,,,1,1,1,256,12,4200,0
27999,77,2,,0,0,6.28,1080,2280,,8,2.8,16,,20,16,,1,1,,128,8,3300,0
27999,84,2,65,,0,6.43,1080,2400,120,8,2.4,32,,64,8,2,1,1,1,128,8,4300,0
27999,82,2,66,0,0,6.44,1080,2404,90,8,2.4,16,,64,8,2,1,1,1,256,12,4700,0
27999,85,2,67,,0,6.67,1080,2400,120,8,3.2,20,,64,8,2,1,1,1,128,8,4500,0
27999,75,2,18,1,0,6,1080,2520,90,8,2,8,,12,8,8,1,1,,128,4,3600,0
27994,86,2,44,1,0,6.44,1080,2400,90,8,2.5,50,8,64,8,2,1,1,1,256,12,4200,0
27994,82,2,67,,0,6.67,1080,2400,120,8,2.6,16,,50,8,2,1,1,1,256,8,5000,0
27990,83,2,67,1,0,6.56,1080,2400,120,8,2.2,50,,64,13,2,1,1,1,256,8,4700,0
27990,83,2,65,1,256,6.43,1080,2460,90,8,2.36,16,,50,,,1,1,1,128,8,4500,0
27990,83,2,67,,0,6.67,1440,3200,120,8,2.85,20,,48,8,2,1,1,1,128,8,5500,0
27990,84,2,33,1,512,6.44,1080,2400,,8,2.3,32,8,48,,,1,1,,256,8,4500,0
27660,83,2,67,1,1000,6.58,1080,2400,120,8,2.2,32,,64,2,2,1,1,1,128,8,4800,0
27499,85,2,25,1,1000,6.4,1080,2400,90,8,2.4,13,,48,,,1,1,1,128,8,5000,0
27000,84,2,33,,0,6.44,1080,2400,,8,2.4,44,8,64,8,2,1,1,1,128,8,4000,0
26999,82,2,67,,0,6.67,1080,2400,120,8,2.6,16,,50,8,2,1,1,1,128,8,5000,0
26999,84,2,120,0,0,6.67,1080,2400,120,8,2.6,16,,200,8,2,1,1,1,128,6,4980,0
26999,84,2,50,,0,6.43,1080,2400,120,8,3,16,,64,8,2,1,1,1,128,8,4500,0
26999,86,2,120,1,1000,6.67,2400,1080,120,8,2.5,16,,108,8,2,1,1,1,128,8,4500,0
26990,86,2,33,1,1000,6.43,1080,2400,,8,2.2,16,,64,2,2,1,1,1,256,8,4500,0
26990,86,2,210,0,0,6.67,1080,2400,120,8,2.6,16,,200,8,2,1,1,1,256,8,4300,0
26990,82,2,44,0,0,6.44,1080,2400,,8,2.05,50,,64,8,2,1,1,,128,8,4050,0
26749,85,2,33,,0,6.55,1080,2400,120,8,2.5,16,,50,50,,1,1,1,128,8,4500,0
26499,81,2,80,,0,6.62,1080,2400,120,8,3.2,16,,64,8,2,1,1,1,128,8,5000,0
26380,83,2,65,0,0,6.43,1080,2400,90,8,2,32,,64,8,2,1,1,1,128,8,4300,0
25999,82,2,25,1,1000,6.4,1080,2400,90,8,2.4,13,,48,,,1,1,1,128,6,5000,0
25999,85,2,30,1,0,6.5,1080,2400,120,8,2.2,16,,50,8,,1,1,1,256,8,5000,0
25999,85,2,67,,0,6.6,1080,2460,144,8,2.85,16,,64,8,2,1,1,1,256,8,5080,0
25999,82,2,67,,0,6.67,1080,2400,120,8,3.2,20,,64,8,2,1,1,1,128,6,4500,0
25999,84,2,33,,0,6.7,1080,2340,90,8,2.05,48,8,50,13,8,1,1,,256,8,4700,0
25999,83,2,67,,0,6.67,1440,3200,120,8,3.1,20,,48,8,2,1,1,1,128,8,5500,0
25994,85,2,65,1,1000,6.43,1080,2400,90,8,2,32,,64,8,2,1,1,1,256,8,4500,0
25990,83,2,33,,0,6.67,1080,2400,120,8,3.2,20,,48,8,5,1,1,1,128,8,4520,0
25969,82,2,33,1,1000,6.43,1080,2400,,8,2.2,16,,64,2,2,1,1,1,128,8,4500,0
25900,78,2,60,0,0,6.4,1080,2400,90,8,2.5,16,,50,8,2,1,1,1,128,6,4500,0
25899,72,2,,1,0,5.86,720,1520,,8,2,8,,16,13,13,1,1,,128,6,8000,0
25895,82,2,33,1,512,6.43,1080,2400,,8,2.2,16,,64,2,2,1,1,1,128,8,4500,0
25595,81,2,30,1,512,6.49,1080,2400,90,8,2,16,,64,,,1,1,1,128,6,4300,0
25289,87,2,25,1,1000,6.7,1080,2400,120,8,2.4,32,,108,,,1,1,1,128,8,5000,0
25000,,2,,1,0,6,720,1440,,4,1.4,5,,13,,,1,1,,16,3,3360,0
25000,78,2,,1,256,6.39,1080,2316,,8,2,32,,48,8,5,1,1,,128,8,3700,0
24999,82,2,67,0,0,6.7,1080,2412,120,8,2.6,16,,108,8,2,1,1,1,128,6,5000,0
24999,75,2,33,1,1000,6.5,1080,2400,90,8,,13,,48,,,1,1,1,128,6,5000,0
24999,85,2,33,1,1000,6.59,1080,2412,120,8,2.2,16,,64,2,2,1,1,1,256,8,5000,0
24999,85,2,33,,0,6.5,1080,2400,144,8,2.5,32,,50,50,2,1,1,1,128,8,4020,0
24999,79,2,80,,0,6.62,1080,2400,120,8,3.2,16,,64,8,2,1,1,1,128,6,5000,0
24999,89,2,120,1,512,6.67,1080,2400,120,8,2.6,16,,200,8,2,1,1,1,256,8,4300,0
24999,84,2,66,1,1000,6.44,1080,2404,90,8,2.4,16,,64,8,2,1,1,1,128,8,4700,0
24999,81,2,25,1,1000,6.6,1080,2408,120,8,2.2,8,,50,,,1,1,1,128,8,5000,0
24999,78,2,66,0,0,6.4,1080,2400,90,8,2.2,16,,50,8,2,1,1,1,128,6,4200,0
24999,83,2,33,1,0,6.44,1080,2400,90,8,2.4,44,,64,8,2,1,1,,128,8,4000,0
24999,80,2,67,1,1000,6.62,1080,2412,144,8,2.36,16,,50,2,2,1,1,1,128,6,5000,0
24999,85,2,65,0,0,6.44,1080,2400,90,8,2.84,32,8,64,,,1,1,1,128,8,4200,0
24999,79,2,30,0,0,6.55,1080,2400,90,8,2.4,16,,64,16,2,1,1,,128,8,4300,0
24994,83,2,44,0,0,6.44,1080,2400,90,8,2.5,50,8,64,8,2,1,1,1,128,8,4200,0
24990,83,2,66,,0,6.62,1080,2400,120,8,3.2,16,,48,13,2,1,1,1,128,8,4400,0
24990,83,2,120,0,0,6.78,1080,2400,120,8,3.1,16,,64,2,2,1,1,1,128,8,5000,0
24990,85,2,80,1,1000,6.62,1080,2400,120,8,3.2,16,,64,8,2,1,1,1,128,8,4700,0
24990,84,2,67,0,0,6.6,1080,2460,144,8,2.85,16,,64,8,2,1,1,1,128,8,5080,0
24990,75,2,66,,0,6.67,1080,2340,120,8,2,16,,64,8,2,1,1,1,128,8,4300,0
24990,77,2,,0,0,6.58,1080,2400,90,8,3,16,,50,8,2,1,1,1,128,8,4500,0
24990,83,2,25,1,1000,6.5,1080,2400,90,8,2.3,32,,64,,,1,1,,128,6,4500,0
24990,83,2,67,1,1000,6.67,2400,1080,120,8,2.5,16,,108,8,2,1,1,1,128,8,5160,0
24990,72,2,,1,1000,6.7,1080,2400,,,,32,,64,8,5,1,1,1,128,6,6000,0
24990,80,2,33,,0,6.55,1080,2400,120,8,2.5,16,,50,12,,1,1,1,128,6,5000,0
24990,74,2,,1,1000,6.5,1080,2400,,,,32,,64,8,5,1,1,1,128,8,5000,0
24820,83,2,120,1,1000,6.67,2400,1080,120,8,2.5,16,,108,8,2,1,1,1,128,6,4500,0
24762,79,2,67,,0,6.67,1080,2400,120,8,2.6,16,,50,8,2,1,1,1,128,6,5000,0
24499,79,2,15,1,1000,6.5,720,1600,90,8,2,13,,48,,,1,1,1,128,6,5000,0
24494,82,2,60,0,0,6.4,1080,2400,90,8,2.5,16,,50,8,2,1,1,1,256,8,4500,0
23999,81,2,66,1,1000,6.44,1080,2404,90,8,2.4,16,,64,8,2,1,1,1,128,6,4700,0
23999,84,2,66,1,0,6.67,1080,2160,90,8,2.4,16,,108,8,2,1,1,,256,8,4500,0
23999,83,2,,1,1000,6.71,1080,2400,,8,2.73,32,,64,,,1,1,,128,6,7000,0
23994,85,2,33,1,0,6.44,1080,2400,90,8,2.4,44,,64,8,2,1,1,1,128,8,4000,0
23990,83,2,68,,0,6.55,1080,2460,144,8,2.9,32,,50,13,2,1,1,1,128,8,4400,0
23990,85,2,33,,0,6.8,1080,2460,144,8,2.9,16,,108,13,2,1,1,1,128,6,5000,0
23990,79,2,33,1,1000,6.56,1080,2400,90,8,2.4,8,,48,2,,1,1,1,256,12,5000,0
23890,80,2,33,,0,6.67,1080,2400,120,8,3.2,20,,48,8,5,1,1,1,128,6,4520,0
23790,85,2,25,1,1000,6.7,1080,2400,120,8,2.4,32,,108,,,1,1,1,128,6,5000,0
23500,80,2,33,,0,6.67,2400,1080,144,8,2.84,20,,64,13,5,1,1,1,128,6,5000,0
23499,81,2,67,1,1000,6.67,2400,1080,120,8,2.5,16,,108,8,2,1,1,1,128,6,5160,0
23399,80,2,66,0,0,6.44,1080,2404,90,8,2.4,16,,64,8,2,1,1,1,128,8,4700,0
23269,85,2,33,1,1000,6.44,1080,2400,,8,2.3,44,,64,8,2,1,1,,128,8,4000,0
22999,83,2,33,,0,6.5,1080,2400,144,8,2.5,32,,50,50,2,1,1,1,128,6,4020,0
22999,79,2,25,1,1000,6.6,1080,2408,120,8,2.2,8,,50,,,1,1,1,128,6,5000,0
22999,82,2,67,,0,6.6,1080,2460,144,8,2.85,16,,64,8,2,1,1,1,128,6,5080,0
22999,87,2,67,1,1000,6.67,1080,2400,120,8,2.2,16,,108,8,2,1,1,1,256,8,5000,0
22999,86,2,33,1,0,6.55,1080,2400,90,8,2.4,20,,64,8,5,1,1,1,128,8,4250,0
22999,83,2,33,1,1000,6.4,1080,2400,90,8,2.5,16,,48,8,2,1,1,1,128,8,5000,0
22999,83,2,33,1,0,6.59,1080,2412,120,8,2.2,16,,64,2,2,1,1,1,128,8,5000,0
22999,84,2,44,,0,6.7,1080,2400,120,8,2.05,48,8,50,,,1,1,,256,8,5000,0
22999,74,2,,1,1000,6.5,1080,2400,,,,32,,64,8,5,1,1,,128,8,6000,0
22999,82,2,15,1,1000,6.6,1080,2408,90,8,2.2,8,,64,5,2,1,1,1,128,8,5000,0
22998,82,2,30,1,1000,6.6,1080,2412,144,8,2.4,16,,48,2,2,1,1,1,128,8,5000,0
22994,81,2,60,0,0,6.4,1080,2400,90,8,2.5,16,,50,8,2,1,1,1,128,8,4500,0
22990,83,2,,,0,6.59,1080,2412,120,8,2.85,16,,64,8,2,1,1,1,128,8,5000,0
22990,83,2,80,0,0,6.62,1080,2400,120,8,3.2,16,,64,12,2,1,1,1,128,8,4700,0
22990,82,2,66,,0,6.78,1080,2400,120,8,2.2,,,,,,1,1,,256,12,9800,0
22990,84,2,33,1,0,6.58,1080,2400,120,8,2.2,32,,50,13,2,1,1,1,128,8,4800,0
22990,82,2,40,1,0,6.7,1080,2388,90,8,2.4,8,,50,,,1,1,,128,8,5000,0
22990,82,2,33,1,0,6.43,1080,2400,,8,2.2,16,,48,2,,1,1,1,256,8,4500,0
22990,83,2,44,1,1000,6.44,1080,2400,120,8,2.4,16,,50,2,2,1,1,,128,8,5000,0
22990,80,2,18,1,1000,6.5,1080,2400,90,8,2.4,16,,64,,,1,1,1,128,6,4000,0
22700,86,2,67,1,1000,6.67,1080,2400,120,8,2.2,16,,108,8,2,1,1,1,128,8,5000,0
22494,86,2,25,1,1000,6.7,1080,2400,,8,2.2,32,,64,,,1,1,,128,8,4500,0
22494,86,2,25,1,1000,6.5,1080,2400,90,8,2.3,32,,64,,,1,1,,128,8,4500,0
22490,87,2,20,1,0,6.7,1080,2520,90,8,3.2,16,8,64,,,1,1,1,128,6,5000,0
21999,83,2,67,1,1000,6.7,1080,2412,120,8,2.2,16,,108,2,2,1,1,1,128,6,5000,0
21999,82,2,33,,0,6.8,1080,2460,120,8,2.4,16,,64,2,2,1,1,1,128,8,5000,0
21999,79,2,10,1,1000,6.5,720,1600,120,8,2.2,16,,50,8,,1,1,1,128,4,5000,0
21999,84,2,33,1,1000,6.7,1080,2400,,8,2,32,,64,,,1,1,1,128,6,7000,0
21999,85,2,65,1,256,6.4,1080,2400,,8,2.3,32,,64,,,1,1,,128,8,4500,0
21999,78,2,18,1,0,6.58,1080,2408,,8,2.2,8,,50,2,2,1,1,1,128,4,5000,0
21995,84,2,33,1,1000,6.59,1080,2412,120,8,2.2,16,,64,2,2,1,1,1,128,8,5000,0
21994,84,2,44,1,0,6.44,1080,2400,,8,2.4,44,,50,8,2,1,1,1,128,8,4050,0
21990,82,2,18,1,0,6.58,1080,2408,,8,2.2,16,,50,2,2,1,1,1,128,8,5000,0
21990,76,2,33,1,0,6.56,720,1600,90,8,2.4,8,,48,2,,1,1,1,128,6,5000,0
21990,85,2,45,1,512,6.67,1080,2400,120,8,2.05,16,,108,8,8,1,1,1,128,8,4500,0
21990,81,2,40,1,256,6.4,1080,2340,,8,2.2,16,,48,,,1,1,,128,8,4200,0
21990,63,2,22.5,1,0,6.52,720,1600,,,,5,,50,2,,1,1,,64,4,5000,0
21899,82,2,33,1,512,6.43,1080,2400,90,8,2.4,32,,64,2,2,1,1,,128,8,4500,0
21890,83,2,33,1,0,6.55,1080,2400,90,8,2.4,20,,64,8,5,1,1,1,128,6,4250,0
21788,78,2,66,0,0,6.44,1080,2404,90,8,2.4,16,,64,8,2,1,1,1,128,6,4700,0
21490,70,2,,1,512,6,2220,1080,,8,2.2,24,,24,8,5,1,1,,64,4,3300,0
20999,81,2,67,0,0,6.67,1080,2400,120,8,2.4,16,,108,8,2,1,1,1,128,6,5000,0
20999,82,2,15,1,1000,6.6,1080,2408,90,8,2.4,13,,50,2,2,1,1,1,128,8,5000,0
20999,82,2,33,1,256,6.5,1080,2400,90,8,2.4,32,,64,2,2,1,1,,128,8,4500,0
20999,82,2,33,1,256,6.6,1080,2412,120,8,2.2,16,,64,8,2,1,1,1,128,8,5000,0
20999,79,2,33,,0,6.83,1080,2460,120,8,2.2,16,,50,2,2,1,1,1,128,6,5000,0
20990,84,2,67,1,1000,6.7,1080,2412,120,8,2.2,16,,108,2,,1,1,1,128,8,4800,0
20990,81,2,33,1,0,6.43,1080,2400,,8,2.2,16,,64,2,2,1,1,1,128,6,4500,0
20990,77,2,18,1,0,6.58,1080,2408,,8,2.2,8,,50,2,2,1,1,1,128,4,5000,0
20990,70,2,,1,256,6.3,1080,2280,,8,2,25,,16,5,,1,1,,128,4,3315,0
20499,83,2,67,1,512,6.67,1080,2460,120,8,2.36,32,,108,,,1,1,1,128,6,5200,0
20499,86,2,30,1,1000,6.6,1080,2400,120,8,2.2,16,,50,8,2,1,1,1,128,8,5000,0
20490,81,2,33,1,256,6.4,1080,2400,90,8,2.5,16,,48,8,2,1,1,1,128,6,5000,0
20120,78,2,,0,0,5.7,1080,2280,,8,2.8,8,,16,12.2,,1,1,,64,6,2800,0
20000,73,2,18,1,256,6.53,1080,2340,,8,2,16,,16,8,2,1,1,,128,4,5000,0
19999,84,2,33,1,1000,6.72,1080,2400,120,8,2.2,16,,108,2,,1,1,1,128,8,5000,0
19999,83,2,67,1,1000,6.67,1080,2400,120,8,2.2,16,,108,8,2,1,1,1,128,6,5000,0
19999,83,2,33,1,512,6.67,1080,2400,120,8,2.4,32,,108,,,1,1,1,128,6,5200,0
19999,77,2,30,1,512,6.5,720,1600,90,8,2,16,,50,5,2,1,1,,128,4,5000,0
19999,81,2,67,0,0,6.67,1080,2400,120,8,2.4,16,,50,8,2,1,1,1,128,8,5000,0
19999,78,2,18,1,1000,6.6,1080,2408,120,8,2.4,8,,50,,,1,1,1,128,6,5000,0
19999,81,2,67,0,0,6.67,1080,2400,120,8,2.4,16,,108,8,2,1,1,1,128,6,5000,0
19999,83,2,66,1,1000,6.67,1080,2400,120,8,2.2,16,,50,13,2,1,1,,256,8,5000,0
19999,77,2,30,0,0,6.55,1080,2400,90,8,2,16,,48,16,2,1,1,,128,8,4300,0
19999,81,2,33,1,512,6.67,1080,2400,120,8,2.3,16,,108,,,1,1,,64,6,5020,0
19999,72,2,,1,1000,6.67,1080,2400,120,8,,32,,64,,,1,1,1,128,6,5000,0
19999,84,2,120,1,256,6.7,1080,2400,120,8,2.05,16,,108,13,2,1,1,,128,8,4500,0
19999,83,2,30,1,256,6.5,1080,2400,120,8,2.4,16,,48,8,2,1,1,1,128,8,5000,0
19999,73,2,65,1,256,6.3,1080,2400,,8,2,13,,48,,,1,1,,64,4,4500,0
19999,82,2,55,1,0,6.9,1080,2460,120,8,3.2,16,,50,,,1,1,1,128,6,4200,0
19999,82,2,15,1,512,6.4,1080,2340,,8,2.3,32,,64,8,5,1,1,,128,6,6000,0
19990,83,2,18,1,1000,6.58,1080,2408,120,8,2.2,16,,50,2,2,1,1,1,128,8,5000,0
19990,82,2,50,1,256,6.43,1080,2400,,8,2.4,16,,48,,,1,1,1,128,8,4310,0
19990,82,2,44,1,1000,6.44,1080,2400,,8,2.05,44,,50,8,2,1,1,,128,8,4050,0
19990,82,2,25,1,1000,6.6,1080,2408,,8,2.4,8,,50,,,1,1,,128,8,5000,0
19990,82,2,33,1,256,6.5,1080,2400,90,8,2.2,32,,64,2,2,1,1,1,128,8,4500,0
19990,81,2,33,0,0,6.5,1080,2400,120,8,2.2,16,,108,8,2,1,1,1,128,6,5000,0
19990,80,2,33,1,0,6.44,1080,2400,,8,2.05,16,,64,2,2,1,1,,128,8,4000,0
19990,84,2,66,1,0,6.78,1080,2388,90,8,2.4,16,,108,,,1,1,,128,8,4000,0
19990,80,2,33,1,1000,6.5,1080,2400,120,8,2,16,,50,2,,1,1,,128,8,5000,0
19990,82,2,67,1,1000,6.6,1080,2460,144,8,2.85,16,,64,8,2,1,1,1,128,6,5080,0
19990,84,2,44,1,0,6.44,1080,2400,90,8,2.2,32,,64,2,2,1,1,,256,8,4500,0
19990,84,2,120,1,1000,6.73,1080,2400,120,8,2.5,32,,108,13,2,1,1,1,128,8,5100,0
19990,82,2,20,1,1000,6.67,1080,2400,,8,2.2,16,,48,8,2,1,1,1,128,6,5000,0
19990,82,2,30,1,256,6.4,1080,2340,,8,2.2,32,,64,,,1,1,,128,8,4000,0
19990,79,2,18,,0,6.58,1080,2408,,8,2.2,8,,50,2,,1,1,1,128,8,6000,0
19990,76,2,45,1,1000,6.67,1080,2412,120,8,,16,,64,8,2,1,1,1,128,8,5000,0
19990,80,2,,1,1000,6.8,1080,2400,,8,2.2,32,,108,8,2,1,1,1,128,6,5000,0
19989,81,2,33,1,1000,6.59,1080,2412,120,8,2.2,16,,64,2,2,1,1,1,128,6,5000,0
19988,79,2,33,1,1000,6.67,1080,2400,120,8,2,13,,48,8,2,1,1,1,128,6,5000,0
19980,82,2,33,1,512,6.67,1080,2400,120,8,2.3,16,,108,,,1,1,,128,6,5020,0
19650,82,2,33,1,0,6.67,1080,2400,120,8,2.96,20,,48,,,1,1,,128,6,5160,0
19499,84,2,25,1,1000,6.6,1080,2400,120,8,2.4,8,,50,,,1,1,1,128,8,6000,0
19499,85,2,33,1,256,6.78,1080,2460,120,8,2.6,16,,50,2,2,1,1,1,256,8,5000,0
19499,80,2,18,1,1000,6.5,1080,2340,,8,2.2,16,,64,,,1,1,,128,6,5000,0
19000,82,2,33,1,0,6.44,1080,2400,,8,2,32,,48,8,2,1,1,,128,8,4100,0
18999,82,2,33,1,1000,6.72,1080,2400,120,8,2.2,16,,108,2,,1,1,1,128,6,5000,0
18999,79,2,33,1,0,6.56,720,1612,90,8,2.2,8,,50,2,,1,1,1,128,8,5000,0
18999,87,2,30,1,1000,6.67,1080,2400,90,8,2.4,32,,108,8,2,1,1,1,128,6,5000,0
18999,79,2,15,1,1000,6.6,1080,2408,90,8,2.4,13,,50,2,2,1,1,1,128,6,5000,0
18999,83,2,30,1,1000,6.6,1080,2400,120,8,2.2,16,,50,8,2,1,1,1,128,6,5000,0
18999,84,2,33,1,2000,6.7,1080,2400,,8,2.4,16,,108,2,2,1,1,1,128,8,5000,0
18999,81,2,33,1,1000,6.59,1080,2412,120,8,2.2,16,,50,2,2,1,1,1,128,6,5000,0
18999,80,2,33,1,256,6.6,1080,2412,120,8,2.2,16,,64,8,2,1,1,1,128,6,5000,0
18999,81,2,67,1,1000,6.67,1080,2400,120,8,2.3,16,,108,,,1,1,,128,6,5000,0
18999,80,2,30,1,1000,6.6,1080,2412,144,8,2.4,16,,48,2,2,1,1,1,128,6,5000,0
18990,76,2,33,1,1000,6.56,720,1612,90,8,2.2,8,,50,2,,1,1,1,128,6,5000,0
18990,83,2,30,1,256,6.43,1080,2400,,8,2.2,16,2,48,,,1,1,,128,8,4015,0
18990,80,2,44,,0,6.58,1080,2408,120,8,3,16,,50,2,,1,1,1,128,8,6000,0
18990,75,2,33,1,0,6.56,720,1612,90,8,2.4,16,,48,2,,1,1,1,64,4,5000,0
18900,,0,,,0,,,,,,,,,,,,,,,640,4,,1
18699,82,2,33,1,512,6.55,1080,2400,90,8,2.3,16,,64,8,5,1,1,,128,8,4250,0
18499,80,2,44,1,1000,6.58,1080,2408,90,8,2.4,16,,50,2,2,1,1,,128,8,5000,0
18499,79,2,25,1,1000,6.6,1080,2408,,8,2.4,8,,50,,,1,1,,128,6,5000,0
18499,83,2,33,1,1000,6.6,1080,2400,90,8,2.4,16,,50,8,,1,1,1,128,8,5000,0
18499,80,2,18,1,1000,6.5,1080,2400,90,8,2.2,16,,48,2,2,1,1,1,128,8,5000,0
18499,76,2,15,1,1000,6.4,720,1600,,8,2,13,,48,,,1,1,,128,6,5000,0
18498,82,2,18,1,1000,6.58,1080,2408,120,8,2.2,16,,50,2,2,1,1,1,128,8,5000,0
18000,62,2,,1,256,6.2,1520,720,,8,2,8,,13,2,,1,1,,32,4,4030,0
17999,75,2,18,1,1000,6.6,1080,2408,120,8,2.4,8,,50,,,1,1,1,64,4,5000,0
17999,84,2,67,1,1000,6.67,1080,2400,120,8,2.2,16,,64,8,2,1,1,1,128,8,5000,0
17999,76,2,33,1,0,6.56,720,1600,90,8,2.4,8,,50,2,,1,1,,128,8,5000,0
17999,79,2,33,1,1000,6.6,1080,2400,90,8,2.4,16,,48,2,2,1,1,1,128,6,5000,0
17999,87,2,45,1,2000,6.7,1080,2400,90,8,2.2,60,,108,13,2,1,1,,128,8,4500,0
17999,81,2,33,1,512,6.67,1080,2400,120,8,2.3,16,,64,,,1,1,,128,6,5020,0
17999,84,2,33,1,512,6.8,1080,2460,120,8,2.05,32,,64,50,2,1,1,,128,8,5000,0
17999,84,2,33,1,0,6.43,1080,2400,,8,2.2,16,,64,2,2,1,1,1,128,8,4500,0
17999,80,2,33,1,1000,6.5,1080,2400,90,8,2.4,16,,64,2,2,1,1,1,128,6,5000,0
17999,82,2,44,1,1000,6.44,1080,2408,,8,2.4,16,,50,2,2,1,1,,128,8,5000,0
17999,80,2,33,1,0,6.59,1080,2412,90,8,2.4,16,,50,2,,1,1,,128,8,5000,0
17999,77,2,15,1,1000,6.4,1080,2408,,8,1.8,16,,48,8,5,1,1,,64,6,4000,0
17999,81,2,67,1,1000,6.67,1080,2400,120,8,2.05,16,,108,,,1,1,,128,6,5000,0
17999,83,2,30,1,256,6.4,1080,2400,,8,2,16,,64,,,1,1,,128,8,5000,0
17999,80,2,55,0,0,6.67,1080,2400,120,8,2.2,16,,50,8,2,1,1,1,128,8,4200,0
17994,80,2,30,1,256,6.43,1080,2400,,8,2.2,16,,48,,,1,1,,128,8,4310,0
17990,78,2,67,,0,6.67,1080,2460,120,8,2,16,,108,8,2,1,1,1,128,6,5000,0
17990,81,2,67,1,0,6.67,1080,2400,120,8,2.2,16,,108,8,2,1,1,1,64,6,5000,0
17990,73,2,15,1,0,6.5,720,1600,90,8,2.2,5,,50,2,2,1,1,1,64,4,5000,0
17990,76,2,80,1,1000,6.64,1080,2388,120,8,2.2,8,,50,2,,1,1,1,128,6,4500,0
17990,82,2,18,1,1000,6.67,1080,2400,,8,2,16,,48,,,1,1,1,128,6,4470,0
17990,79,2,15,1,1000,6.6,1080,2408,90,8,2.2,8,,48,5,2,1,1,1,128,6,5000,0
17990,84,2,30,1,1000,6.78,1080,2460,90,8,2.4,16,,64,,,1,1,1,128,8,5000,0
17990,81,2,33,,0,6.8,1080,2460,120,8,2.05,32,,64,50,2,1,1,,128,8,5000,0
17990,74,2,,1,0,6.5,720,1600,,8,2.2,8,,13,2,2,1,1,1,128,6,5000,0
17990,73,2,,1,0,6.5,720,1600,,8,2.2,8,,13,2,,1,1,1,128,6,5000,0
17990,79,2,18,1,1000,6.73,1080,2408,120,8,2,16,,64,2,,1,1,1,128,6,5100,0
17990,69,2,15,1,512,5.9,1080,2340,,8,2.2,25,,16,5,,1,1,,64,4,3100,0
17859,76,2,33,1,1000,6.67,1080,2400,120,8,2,13,,48,8,2,1,1,1,128,4,5000,0
17499,82,2,33,1,1000,6.5,1080,2400,90,8,2.4,16,,64,2,2,1,1,1,128,8,5000,0
17499,75,2,,1,512,6.5,720,1600,,8,2,13,,48,,,1,1,,128,6,5000,0
17478,81,2,25,1,1000,6.6,1080,2400,120,8,2.4,8,,50,,,1,1,1,128,6,6000,0
16999,80,2,25,1,1000,6.6,1080,2408,120,8,2.2,8,,50,8,2,1,1,1,128,6,5000,0
16999,79,2,33,1,1000,6.56,720,1612,90,8,2.4,8,,48,2,,1,1,1,128,8,5000,0
16999,84,2,25,1,0,6.5,1080,2400,120,8,2.4,32,,64,,,1,1,1,128,6,6000,0
16999,79,2,33,1,1000,6.4,1080,2400,90,8,2.2,16,,50,2,,1,1,,128,8,5000,0
16999,78,2,18,1,1000,6.6,1080,2408,90,8,2.4,8,,50,2,2,1,1,1,128,6,5000,0
16999,81,2,33,1,1000,6.6,1080,2400,90,8,2.4,16,,50,8,,1,1,1,128,6,5000,0
16999,80,2,33,0,0,6.4,1080,2400,,8,2.2,16,,50,8,2,1,1,1,128,6,5000,0
16999,80,2,66,,0,6.81,1080,2388,,8,2.2,16,,48,2,2,1,1,1,128,8,4800,0
16999,79,2,33,1,1000,6.6,1080,2400,90,8,2.4,16,,50,8,,1,1,1,64,6,5000,0
16999,83,2,67,1,0,6.6,1080,2400,120,8,2.6,16,,64,8,2,1,1,1,128,6,5000,0
16999,80,2,120,1,256,6.91,1080,2460,,8,2.2,16,,108,,,1,1,,128,6,5000,0
16999,76,2,33,1,0,6.6,2460,1080,90,8,2.2,16,,50,8,2,1,1,1,64,4,5000,0
16999,76,2,22.5,,0,6.7,1080,2388,90,8,2.4,16,,64,,,1,1,,128,6,4000,0
16999,80,2,18,1,1000,6.5,1080,2400,90,8,2.2,16,,48,2,2,1,1,1,128,6,5000,0
16999,79,2,33,1,0,6.7,1080,2400,,8,2.05,16,,50,2,,1,1,,128,8,5000,0
16999,78,2,18,1,512,6.53,1080,2340,,8,2.05,20,,64,,,1,1,,64,6,4500,0
16990,80,2,18,1,1000,6.58,1080,2408,120,8,2.2,16,,50,2,2,1,1,1,128,6,5000,0
16990,75,2,18,1,0,6.49,1080,2400,90,8,2,16,,13,2,2,1,1,1,64,4,5000,0
16990,80,2,33,1,1000,6.59,1080,2412,90,8,2.4,16,,50,2,2,1,1,,128,8,5000,0
16990,78,2,67,,0,6.59,1080,2412,120,8,2.2,16,,64,8,2,1,1,1,128,6,5000,0
16990,77,2,44,0,0,6.58,1080,2408,,8,2,8,,50,2,,1,1,1,128,8,6000,0
16990,68,2,18,1,256,6.52,720,1600,90,8,1.8,8,,13,2,2,1,1,,64,4,5000,0
16940,80,2,18,1,1000,6.58,1080,2408,120,8,2.2,16,,50,2,2,1,1,1,128,6,5000,0
16900,83,2,33,1,2000,6.7,1080,2400,,8,2.2,16,,108,2,,1,1,,256,8,5000,0
16685,80,2,18,1,1000,6.58,1080,2408,,8,2,16,,50,2,2,1,1,,128,8,5000,0
16499,75,2,15,1,1000,6.6,1080,2408,90,8,2.4,13,,50,2,2,1,1,1,64,4,5000,0
16499,75,2,18,1,1000,6.55,720,1612,,8,2,8,,50,2,,1,1,,128,6,5000,0
16499,84,2,,1,1000,6.55,1080,2400,120,8,2.2,16,,50,8,2,1,1,1,128,8,5000,0
16499,82,2,67,1,1000,6.67,1080,2400,120,8,2.2,16,,64,8,2,1,1,1,128,6,5000,0
16499,82,2,15,1,1000,6.4,1080,2400,90,8,2,20,,64,,,1,1,,128,8,5000,0
16499,80,2,15,1,1000,6.4,1080,2400,90,8,2,20,,64,,,1,1,,128,6,5000,0
16499,78,2,25,1,1000,6.6,1080,2408,,,2,8,,50,,,1,1,,128,6,5000,0
16499,75,2,18,1,1000,6.5,1080,2400,90,8,2.2,16,,48,2,2,1,1,1,128,4,5000,0
16499,78,2,33,1,512,6.43,1080,2400,,8,2.2,13,,48,,,1,1,,128,6,5000,0
16490,73,2,33,1,0,6.56,720,1612,90,8,2.4,8,,13,2,,1,1,,128,6,5000,0
16490,80,2,33,1,512,6.67,1080,2400,,8,2.3,32,,64,,,1,1,,64,6,5020,0
15999,78,2,25,1,1000,6.6,1080,2408,120,8,2.2,8,,50,8,2,1,1,1,128,4,5000,0
15999,83,2,33,1,0,6.55,1080,2400,120,8,2.2,16,,108,8,2,1,1,,128,6,5000,0
15999,79,2,44,1,1000,6.44,1080,2408,,8,2.4,16,,50,2,2,1,1,,128,6,5000,0
15999,78,2,33,1,2000,6.7,1080,2400,,8,2.4,16,,50,2,,1,1,1,64,6,5000,0
15999,82,2,33,1,1000,6.6,1080,2400,90,8,2.4,16,,50,8,,1,1,1,128,8,5000,0
15999,84,2,20,1,1000,6.78,1080,2460,120,8,2.3,32,,108,8,2,1,1,,128,6,6000,0
15999,84,2,33,1,256,6.4,1080,2400,90,8,2.4,16,,108,8,2,1,1,,128,8,5000,0
15999,75,2,10,1,512,6.5,720,1600,90,8,2,8,,50,2,2,1,1,,128,4,5000,0
15999,80,2,44,1,1000,6.44,1080,2400,120,8,2.4,16,,50,2,2,1,1,,128,6,5000,0
15999,74,2,45,1,1000,6.66,720,1600,90,8,2.2,8,,50,,,1,1,,256,8,6000,0
15999,75,2,18,1,1000,6.5,1080,2400,90,8,2.2,8,,48,2,2,1,1,1,64,4,5000,0
15999,78,2,30,1,256,6.4,1080,2400,,8,2,16,,64,,,1,1,,128,4,5000,0
15999,79,2,33,1,2000,6.95,1080,2460,120,8,2.05,16,,50,2,2,1,1,,128,8,5000,0
15999,67,1,18,,0,6,1080,2160,,8,2,8,,12.2,,,1,1,,64,4,3700,0
15999,78,2,33,1,512,6.52,1080,2400,90,8,2,16,,64,8,2,1,1,1,64,6,5000,0
15998,71,2,33,1,0,6.56,720,1600,,8,2.3,8,,50,,,1,1,,128,4,5000,0
15990,78,2,18,1,1000,6.58,1080,2408,120,8,2.2,16,,50,2,2,1,1,1,128,4,5000,0
15990,77,2,18,1,512,6.58,1080,2408,90,8,2.2,5,,50,2,,1,1,1,128,6,5000,0
15990,73,1,,1,512,6.2,720,1680,,8,2.3,8,,13,5,2,1,1,,64,4,4000,0
15990,63,2,,1,1000,6.5,720,1600,,,,8,,48,8,5,1,1,,64,6,5000,0
15990,69,1,,0,0,6,1440,2880,,8,2.35,8,,12.2,,,1,1,,128,4,3520,0
15990,80,2,15,1,512,6.4,1080,2340,,8,2.3,32,,48,8,5,1,1,,128,4,4000,0
15990,81,2,18,1,1000,6.58,1080,2408,90,8,2.4,16,,50,2,2,1,1,,128,8,5000,0
15990,62,2,,1,0,6,1080,2160,,8,2.5,16,,13,,,1,1,,32,3,3200,0
15988,79,2,33,1,256,6.43,1080,2400,,8,2,16,,48,2,2,1,1,,128,6,5000,0
15824,84,2,33,1,512,6.43,1080,2400,90,8,2.05,16,,108,,,1,1,,128,8,5000,0
15499,78,2,18,1,1000,6.58,1080,2408,120,8,2.2,16,,50,2,2,1,1,1,128,4,5000,0
15499,79,2,18,1,1000,6.58,1080,2408,120,8,2,8,,50,2,,1,1,1,128,6,5000,0
15499,79,2,18,1,1000,6.5,1080,2400,90,8,2.4,16,,48,2,2,1,1,1,128,6,5000,0
15499,78,2,18,1,512,6.9,1080,2460,120,8,2.4,16,,50,2,,1,1,1,128,8,6000,0
15499,70,2,33,1,0,6.56,720,1600,,8,2.3,8,,50,,,1,1,,64,4,5000,0
15499,77,2,33,1,256,6.6,1080,2412,120,8,2,16,,50,2,2,1,1,,128,6,5000,0
15499,81,2,33,1,512,6.43,1080,2400,90,8,2.05,16,,108,,,1,1,,128,6,5000,0
15499,71,2,18,1,1000,6.8,1080,2400,120,8,2.4,8,,50,,,1,1,,128,4,6000,0
15499,74,2,18,1,1000,6.51,1600,720,90,8,2.4,8,,50,2,2,1,1,,128,4,5000,0
15490,77,2,18,1,0,6.5,1080,2400,90,8,2,8,,48,2,2,1,1,1,128,6,5000,0
15490,79,2,19,1,1000,6.58,1080,2408,,8,2,16,,64,2,2,1,1,,128,8,5000,0
15490,80,2,15,1,1000,6.6,1080,2408,90,8,2.2,8,,64,5,2,1,1,1,128,6,5000,0
15000,65,2,,1,256,6.22,1520,720,,8,1.95,20,,13,2,,1,1,,64,4,4030,0
14999,81,2,,1,1000,6.55,1080,2400,120,8,2.2,16,,50,8,2,1,1,1,128,6,5000,0
14999,80,2,67,1,1000,6.67,1080,2400,120,8,2.2,16,,64,8,2,1,1,1,64,6,5000,0
14999,81,2,33,1,1000,6.6,1080,2400,90,8,2.4,16,,50,8,,1,1,1,128,6,5000,0
14999,69,2,18,1,0,6.52,720,1560,,8,1.8,8,,13,2,2,1,1,,64,4,6000,0
14999,81,2,33,1,256,6.4,1080,2400,90,8,2.4,16,,108,8,2,1,1,,128,6,5000,0
14999,74,2,33,1,1000,6.4,1080,2400,90,8,2.2,16,,50,2,,1,1,,64,4,5000,0
14999,78,2,25,1,1000,6.6,1080,2408,120,8,2.2,8,,50,8,2,1,1,1,128,4,5000,0
14999,75,2,25,1,1000,6.6,1080,2408,,2,,8,,50,,,1,1,,128,4,5000,0
14999,77,2,18,1,0,6.58,1080,2408,90,8,2.4,8,,50,2,,1,1,,128,6,5000,0
14999,78,2,33,1,1000,6.6,1080,2412,90,8,2.4,16,,50,2,2,1,1,,128,6,5000,0
14999,76,2,33,1,1000,6.6,1080,2400,90,8,2.4,16,,48,2,2,1,1,1,128,4,5000,0
14999,74,2,33,0,0,6.67,1080,2400,120,8,2.2,8,,48,8,2,1,1,1,128,4,5000,0
14999,77,2,67,,0,6.67,1080,2400,120,8,2.3,16,,50,8,2,1,1,,128,6,5000,0
14999,80,2,30,1,0,6.5,1080,2400,120,8,2.2,16,,48,8,2,1,1,1,128,6,5000,0
14999,77,2,18,,0,6.8,1080,2400,90,8,2,32,,48,2,,1,1,,128,6,5000,0
14999,60,2,,1,512,6.5,720,1600,,8,,8,,48,8,2,1,1,,64,4,6000,0
14999,,1,,,0,4,480,640,,4,1.3,,,,,,1,1,,16,2,2000,0
14999,79,2,33,1,512,6.7,2400,1080,,8,2,16,,50,2,,1,1,,128,8,5000,0
14999,78,2,18,1,1000,6.58,1080,2412,120,8,2.2,16,,50,2,2,1,1,1,128,4,5000,0
14999,74,2,,1,256,6.51,1600,720,,8,2.3,16,,13,2,2,1,1,,128,6,5000,0
14999,84,2,33,1,1000,6.3,1080,2340,,8,2.05,32,,108,64,16,1,1,,128,8,6000,0
14990,77,2,18,1,1000,6.55,1612,720,90,8,2.4,8,,50,2,,1,1,,128,8,5000,0
14990,78,2,33,1,256,6.4,1080,2400,,8,2,16,,48,8,2,1,1,,128,6,5000,0
14990,77,2,33,1,512,6.6,1080,2400,90,8,2.4,16,,50,8,,1,1,1,128,4,5000,0
14990,85,2,,1,0,6.8,1080,2460,,8,2.4,16,,48,,,1,1,1,128,8,5000,0
14990,78,2,60,1,0,6.6,1080,2412,120,8,2.2,16,,50,2,2,1,1,1,128,6,5000,0
14990,67,2,25,1,1000,6.62,2408,1080,,,,16,,50,5,2,1,1,,64,4,5000,0
14990,73,2,18,1,512,6.7,720,1600,,8,2.4,5,,50,2,,1,1,,128,4,6000,0
14990,74,2,18,1,1000,6.51,720,1600,,8,2,8,,50,2,2,1,1,,128,4,5000,0
14990,79,2,67,1,1000,6.67,1080,2400,120,8,2.2,16,,50,8,2,1,1,1,128,6,5000,0
14990,75,2,22.5,1,1000,6.5,720,1600,,8,2.2,8,,48,2,    ,1,1,1,128,6,5000,0
14965,75,2,18,1,1000,6.6,1080,2408,90,8,2.4,8,,50,2,2,1,1,1,64,4,5000,0
14859,79,2,15,1,1000,6.4,1080,2400,90,8,2,20,,64,,,1,1,,128,6,6000,0
14799,79,2,18,1,1000,6.5,1080,2400,90,8,2.2,8,,48,2,2,1,1,1,128,6,5000,0
14746,79,2,18,1,512,6.8,1080,2460,,8,2,16,,64,2,,1,1,,128,6,5000,0
14700,76,2,18,1,256,6.51,720,1600,,8,2.3,16,,50,2,2,1,1,,128,6,5000,0
14590,80,2,33,1,512,6.43,1080,2400,90,8,2.05,16,,108,,,1,1,,64,6,5000,0
14499,72,2,18,1,1000,6.55,720,1612,,8,2,8,,50,2,,1,1,,64,4,5000,0
14499,79,2,33,1,1000,6.6,1080,2408,90,8,2.2,8,,50,2,,1,1,1,128,8,5000,0
14499,77,2,44,1,1000,6.44,1080,2408,,8,2.4,16,,50,2,2,1,1,,128,4,5000,0
14499,72,2,15,1,1000,6.5,720,1600,90,8,2,5,,50,2,2,1,1,,128,4,5000,0
14499,77,2,18,1,512,6.58,1080,2400,90,8,2.2,8,,50,2,2,1,1,,128,6,5000,0
14499,77,2,20,1,256,6.78,1080,2460,120,8,2.3,16,,64,8,2,1,1,,64,4,6000,0
14490,80,2,15,1,1000,6.4,1080,2400,90,8,2,20,,64,,,1,1,,128,6,6000,0
14490,80,2,30,1,256,6.6,1080,2400,90,8,2.3,16,8,64,,,1,1,,64,6,4300,0
14489,77,2,44,1,1000,6.44,1080,2400,120,8,2.4,16,,50,2,2,1,1,,128,4,5000,0
14450,75,2,25,1,1000,6.6,1080,2408,,,2,8,,50,,,1,1,,64,4,5000,0
14439,77,2,18,1,512,6.67,1080,2400,,8,2.3,16,,48,,,1,1,,128,4,5020,0
14290,80,2,33,1,512,6.43,1080,2400,90,8,2.4,13,,50,,,1,1,,128,6,5000,0
13999,74,2,33,1,1000,6.4,1080,2400,90,8,2.2,16,,50,2,,1,1,,64,4,5000,0
13999,79,2,18,1,1000,6.5,1080,2400,90,8,2.2,8,,48,2,2,1,1,1,128,6,5000,0
13999,75,2,18,1,1000,6.5,1080,2400,90,8,2.4,16,,48,2,2,1,1,1,64,4,5000,0
13999,75,2,15,1,1000,6.5,720,1600,90,8,2.2,5,,50,2,,1,1,1,128,6,5000,0
13999,74,2,18,1,1000,6.6,1080,2408,90,8,1.8,8,,50,2,2,1,1,,128,6,5000,0
13999,82,2,33,1,512,6.43,1080,2400,,8,2.05,13,,64,,,1,1,,128,8,5000,0
13999,75,2,33,1,1000,6.6,1080,2412,90,8,2.4,16,,50,2,2,1,1,,128,4,5000,0
13999,75,2,18,1,512,6.67,1080,2400,,8,2.3,16,,48,,,1,1,,64,4,5020,0
13999,81,2,33,1,1000,6.43,1080,2400,90,8,2.05,16,,64,8,2,1,1,,128,8,5000,0
13999,75,2,33,1,1000,6.67,1080,2400,120,8,2.2,13,,48,8,2,1,1,,64,4,5000,0
13999,77,2,18,1,256,6.6,1080,2412,120,8,2.05,16,,50,2,2,1,1,,128,6,5000,0
13999,75,2,15,1,0,6.5,720,1560,,8,2.3,8,,48,,,1,1,,128,6,5000,0
13999,70,2,15,1,1000,6.51,720,1600,,8,2.2,5,,13,2,,1,1,1,128,4,5000,0
13999,71,2,10,1,0,6.5,720,1600,,8,2,5,,50,2,2,1,1,,64,4,5000,0
13999,75,2,22.5,1,0,6.75,720,1600,90,8,2.3,8,,50,,,1,1,,128,6,5000,0
13990,75,2,33,1,512,6.43,1080,2400,,8,2.2,13,,48,,,1,1,,64,4,5000,0
13990,71,2,18,1,512,6.7,720,1600,,8,2.4,5,,50,2,,1,1,,64,4,6000,0
13990,69,2,18,1,256,6.51,720,1600,,8,2,8,,13,2,2,1,1,,64,4,5000,0
13990,69,2,18,0,0,6.58,1080,2408,90,8,2.2,5,,50,2,,1,1,1,128,4,5000,0
13990,69,2,18,0,0,6.58,1080,2408,90,8,2.2,5,,50,2,,1,1,1,128,4,5000,0
13990,67,2,,1,512,6.82,720,1600,90,8,2,8,,16,2,,1,1,,128,6,7000,0
13990,70,2,18,1,256,6.5,1600,720,90,8,1.8,16,,13,2,2,1,1,,128,6,5000,0
13990,72,2,10,1,1000,6.56,720,1612,90,8,2.2,8,,13,2,,1,1,1,128,6,5000,0
13989,75,2,18,1,1000,6.58,1080,2408,120,8,2,8,,50,2,,1,1,1,64,4,5000,0
13969,69,2,33,1,0,6.56,720,1612,,8,2.3,8,,13,2,,1,1,,64,4,5000,0
13799,77,2,33,1,256,6.9,1080,2460,90,8,2,8,,50,2,2,1,1,,128,6,7000,0
13774,76,2,18,1,512,6.58,1080,2400,90,8,2.2,8,,50,2,2,1,1,,128,6,5000,0
13499,79,2,18,1,512,6.58,1080,2400,90,8,2.2,8,,50,2,,1,1,1,128,6,5000,0
13499,80,2,33,1,512,6.67,1080,2400,120,8,2.3,20,,64,,,1,1,,64,6,6000,0
13499,75,2,18,1,512,6.5,720,1600,90,8,1.6,8,,50,2,2,1,1,,128,6,5050,0
13499,73,2,18,1,256,6.51,720,1600,,8,2.3,16,,50,2,2,1,1,,64,4,5000,0
13499,75,2,33,1,1000,6.6,1080,2400,90,8,2.4,16,,48,2,2,1,1,1,64,4,5000,0
13499,76,2,,1,1000,6.4,720,1600,90,8,2,13,,48,,,1,1,,128,6,6000,0
13490,78,2,33,1,1000,6.59,1080,2412,90,8,2.4,16,,50,2,2,1,1,,128,6,5000,0
13490,,2,,1,0,5.2,720,1280,,4,1.2,5,,13,,,1,1,,16,3,2730,0
13489,69,2,18,1,1000,6.51,720,1600,,8,2.3,8,,13,2,,1,1,,64,4,5000,0
13466,74,2,18,1,512,6.58,1080,2408,90,8,2.2,5,,50,2,,1,1,1,64,4,5000,0
13279,75,2,20,1,256,6.4,1080,2340,,8,2.3,16,,64,,,1,1,,64,4,4000,0
12999,80,2,33,1,1000,6.6,1080,2408,90,8,2.4,8,,50,0.3,,1,1,1,128,8,5000,0
12999,76,2,33,1,1000,6.6,1080,2400,90,8,2.4,16,,50,8,,1,1,1,64,4,5000,0
12999,79,2,33,1,0,6.6,2460,1080,90,8,2.4,16,,50,8,2,1,1,,128,6,5000,0
12999,75,2,18,1,1000,6.5,1080,2400,90,8,2.2,8,,48,2,2,1,1,1,64,4,5000,0
12999,75,2,15,1,1000,6.6,1080,2400,,8,2,8,,50,5,2,1,1,,128,6,6000,0
12999,77,2,,1,512,6.8,1080,2400,120,8,2.2,13,,50,8,2,1,1,1,64,4,5000,0
12999,79,2,33,1,1000,6.43,1080,2400,90,8,2.05,16,,64,8,2,1,1,,128,6,5000,0
12999,75,2,18,1,0,6.58,1080,2408,90,8,2.4,8,,50,2,,1,1,,128,4,5000,0
12999,75,2,,1,0,6.56,720,1612,,8,2.4,8,,13,2,,1,1,1,128,8,5000,0
12999,77,2,18,1,512,6.5,1080,2400,90,8,2,8,,50,,,1,1,,128,6,6000,0
12999,78,2,,1,256,6.18,1080,2246,,8,2.8,20,,12,5,,1,1,,128,6,4000,0
12999,72,2,,1,1000,6.5,720,1600,,8,2.3,5,,50,2,,1,1,,128,4,5000,0
12999,77,2,18,1,0,6.78,1080,2460,,8,2.05,8,,50,    ,,1,1,,128,8,5000,0
12999,77,2,33,1,512,6.7,2400,1080,,8,2,16,,50,2,,1,1,,128,6,5000,0
12990,71,2,15,1,1000,6.5,720,1600,90,8,2,5,,50,2,2,1,1,,64,4,5000,0
12990,71,2,,1,256,6.35,720,1544,,8,2.3,16,,13,8,2,1,1,,128,4,5000,0
12990,73,2,18,1,512,6.58,1080,2400,90,8,2.2,5,,13,2,,1,1,1,128,4,5000,0
12990,63,2,18,1,1000,6.5,720,1560,,,,5,,48,2,,1,1,,64,4,5000,0
12989,77,2,30,1,256,6.5,1080,2400,90,8,2.05,16,,64,,,1,1,,64,6,4300,0
12944,71,2,15,1,1000,6.5,720,1600,90,8,2.2,5,,50,2,,1,1,1,64,4,5000,0
12799,76,2,33,1,512,6.67,1080,2400,,8,2.3,16,,48,,,1,1,,64,4,5000,0
12799,77,2,33,1,0,6.7,1080,2400,,8,2,16,,50,2,,1,1,,128,6,5000,0
12787,71,2,18,1,1000,6.6,1080,2408,90,8,1.8,8,,50,2,2,1,1,,128,4,5000,0
12500,71,2,,1,256,6.35,720,1544,,8,2,16,,13,8,2,1,1,,64,4,5000,0
12499,75,2,33,1,1000,6.6,1080,2412,90,8,2.4,16,,50,2,2,1,1,,64,4,5000,0
12499,72,2,,1,1000,6.56,720,1612,,8,2.3,5,,50,2,,1,1,,64,4,5000,0
12499,69,2,18,1,1000,6.51,720,1600,,8,2.4,8,,13,2,,1,1,,64,3,5000,0
12499,77,2,18,1,512,6.67,1080,2400,,8,2.3,16,,48,,,1,1,,128,4,5020,0
12499,74,2,18,1,256,6.6,1080,2412,120,8,2.05,16,,50,2,2,1,1,,64,4,5000,0
12490,76,2,18,1,512,6.5,1080,2400,90,8,2.2,8,,48,2,2,1,1,1,128,4,5000,0
12490,63,2,,,0,6.51,720,1600,,8,2.3,8,,13,2,,1,1,,128,4,5000,0
12490,72,2,,1,256,6.5,720,1600,,8,2.3,8,,12,2,2,1,1,,128,6,4230,0
12489,68,2,10,1,0,6.51,720,1600,,8,2.3,5,,13,2,,1,1,,64,4,5000,0
12390,74,2,18,1,512,6.5,1080,2400,90,8,2,8,,50,,,1,1,,64,4,6000,0
12364,76,2,15,1,1000,6.4,1080,2400,90,8,2,20,,64,,,1,1,,64,4,6000,0
12340,76,2,18,1,256,6.6,720,1612,90,8,2,8,,50,    ,,1,1,,128,8,5000,0
12199,70,2,,1,256,6.51,1600,720,,8,2.3,16,,13,2,2,1,1,,64,4,5000,0
12188,79,2,33,1,512,6.43,1080,2400,90,8,2.4,13,,50,,,1,1,,64,6,5000,0
12120,75,2,15,1,1000,6.4,1080,2400,90,8,2,20,,64,,,1,1,,64,4,6000,0
11999,75,2,33,1,0,6.6,2460,1080,90,8,2.4,16,,50,8,2,1,1,,64,4,5000,0
11999,79,2,33,1,512,6.43,1080,2400,,8,2.05,13,,64,,,1,1,,128,6,5000,0
11999,80,2,33,1,512,6.43,1080,2400,,8,2.05,13,,64,,,1,1,,64,6,5000,0
11999,77,2,33,1,1000,6.43,1080,2400,90,8,2.05,16,,64,8,2,1,1,,64,6,5000,0
11999,73,2,18,1,512,6.82,720,1600,90,8,2.2,8,,50,,,1,1,,128,8,6000,0
11999,74,2,18,1,0,6.58,1080,2408,90,8,2.4,8,,50,2,,1,1,,64,4,5000,0
11999,77,2,18,1,0,6.7,720,1650,,8,2.4,5,,50,2,,1,1,,128,8,6000,0
11999,75,2,18,1,512,6.7,720,1600,,8,2.4,5,,50,2,,1,1,,128,6,6000,0
11999,71,2,,1,1000,6.5,720,1600,,8,2.3,5,,50,2,,1,1,,64,4,5000,0
11999,80,2,18,1,512,6.67,1080,2400,,8,2.3,16,,48,,,1,1,,128,6,5020,0
11999,75,2,15,1,1000,6.6,2408,1080,,8,2,8,,50,5,2,1,1,,128,4,6000,0
11999,77,2,,1,256,6.18,1080,2246,,8,2.8,20,,12,5,,1,1,,64,6,4000,0
11999,78,2,20,1,1000,6.47,1080,2400,,8,2,13,,50,8,2,1,1,,128,6,5000,0
11999,69,2,,1,0,6.52,720,1600,,8,2.3,8,,13,2,2,1,1,,64,4,5000,0
11999,71,2,15,1,0,6.5,720,1560,,8,2.3,8,,48,,,1,1,,64,4,5000,0
11999,71,2,18,1,512,6.5,720,1600,90,8,1.6,8,,50,2,2,1,1,,64,4,5050,0
11999,67,2,15,0,0,6.51,720,1600,,8,2,5,,13,2,,1,1,1,128,4,6000,0
11999,,1,,,0,,,,,,,,,,,,1,1,,,1470,,0
11990,64,2,18,1,512,6.5,720,1600,90,8,2.2,8,,13,,,1,1,1,32,4,5000,0
11990,68,2,,1,0,6.51,720,1600,,8,2,8,,13,2,2,1,1,,64,3,5000,0
11990,71,2,,1,256,6.51,1600,720,,8,2.3,16,,13,2,2,1,1,,128,4,5000,0
11990,67,2,33,1,0,6.56,720,1612,,8,2.3,8,,13,2,,1,1,,64,3,5000,0
11990,74,2,18,1,256,6.53,1080,2340,,8,2,16,,16,8,2,1,1,,64,6,5000,0
11989,75,2,22.5,1,512,6.53,1080,2340,,8,2,13,,48,,,1,1,,64,4,5020,0
11936,76,2,33,1,512,6.43,1080,2400,90,8,2.4,13,,50,,,1,1,,64,4,5000,0
11879,74,2,18,1,1000,6.6,1080,2408,,8,1.82,8,,50,2,2,1,1,,128,4,5000,0
11828,70,2,18,1,1000,6.6,1080,2408,,8,1.8,8,,50,2,0.3,1,1,,64,4,5000,0
11725,76,2,15,1,512,6.4,1080,2340,,8,2.3,20,,48,8,5,1,1,,64,4,6000,0
11700,74,2,33,1,512,6.7,2400,1080,,8,2,16,,50,2,,1,1,,64,4,5000,0
11600,74,2,18,1,512,6.58,1080,2400,90,8,2.2,8,,50,2,2,1,1,,64,4,5000,0
11499,75,2,18,1,512,6.58,1080,2400,90,8,2.2,8,,50,2,,1,1,1,64,4,5000,0
11499,73,2,,1,1000,6.4,720,1600,90,8,2,13,,48,,,1,1,,64,4,6000,0
11499,71,2,18,1,256,6.5,720,1600,,8,2,8,,50,2,2,1,1,,64,4,6000,0
11499,69,2,,1,1000,6.5,720,1600,,8,2.3,5,,13,2,,1,1,,128,4,5000,0
11499,75,2,18,1,512,6.53,1080,2340,,8,2,8,,48,2,2,1,1,,64,6,6000,0
11499,69,2,15,1,1000,6.5,720,1560,,8,1.6,5,,48,2,,1,1,,64,4,5000,0
11499,74,2,18,1,512,6.53,1080,2340,,8,2,8,,48,,,1,1,,64,4,6000,0
11499,75,2,18,,0,6.8,1080,2460,90,8,2,16,,48,2,2,1,1,,128,4,5000,0
11490,72,2,,1,256,6.52,720,1600,,8,2.3,8,,13,2,2,1,1,,128,4,4230,0
11490,66,2,18,1,512,6.22,720,1520,,8,2,8,,12,2,,1,1,,64,4,5000,0
11490,68,2,10,1,512,6.2,720,1520,,8,2,8,,13,2,2,1,1,,64,4,4000,0
11399,73,2,18,1,1000,6.6,1080,2408,,8,1.82,8,,50,3,2,1,1,,64,4,5000,0
11000,68,2,,1,256,6.35,720,1544,,8,2,8,,13,8,2,1,1,,64,3,5000,0
10999,78,2,33,1,512,6.43,1080,2400,,8,2.05,13,,64,,,1,1,,64,6,5000,0
10999,78,2,20,1,1000,6.47,1080,2400,,8,2.4,16,,50,8,2,1,1,,64,4,5000,0
10999,74,2,15,1,1000,6.6,2408,1080,,8,2,8,,50,5,2,1,1,,64,4,6000,0
10999,74,2,33,1,256,6.6,1080,2412,120,8,2,16,,50,2,2,1,1,,64,4,5000,0
10999,65,2,10,,0,6.5,720,1600,,4,1.8,5,,13,    ,,1,1,,128,8,5000,0
10999,73,2,,1,1000,6.5,1600,720,90,8,2.2,8,,50,2,,1,1,1,128,4,5000,0
10999,66,2,,1,256,6.52,720,1600,,8,2.3,5,,13,,,1,1,,64,4,4230,0
10999,74,2,18,1,256,6.95,1080,2460,,8,2,8,,48,,,1,1,,64,4,7000,0
10999,72,2,15,1,1000,6.5,720,1600,90,8,2,8,,48,,,1,1,,64,4,6000,0
10990,77,2,18,1,0,6.43,1080,2340,90,8,2.2,13,,48,,,1,1,1,128,4,5000,0
10990,76,2,18,1,0,6.5,1080,2400,,8,2.2,16,,48,2,2,1,1,1,128,4,5000,0
10990,69,2,,1,512,6.53,720,1600,,8,2,5,,13,,,1,1,,128,6,5000,0
10949,66,2,,1,256,5.84,1080,2280,,8,2.36,16,,13,2,,1,1,,64,4,3000,0
10890,74,2,18,1,512,6.53,1080,2340,,8,2,8,,13,,,1,1,,64,6,5000,0
10850,70,2,,1,512,6.53,720,1600,,8,2,5,,13,,,1,1,,128,6,5000,0
10850,74,2,18,1,256,6.6,720,1612,90,8,2,8,,50,    ,,1,1,,64,6,5000,0
10799,74,2,18,1,512,6.58,1080,2400,90,8,2.2,8,,50,2,2,1,1,,64,4,5000,0
10630,71,2,15,1,1000,6.6,1080,2400,,8,2,8,,50,5,2,1,1,,64,4,6000,0
10499,75,2,33,1,1000,6.55,1080,2400,90,8,2.4,16,,50,8,2,1,1,,64,4,5000,0
10499,66,2,10,1,0,6.51,720,1600,,8,2.3,5,,13,2,,1,1,,64,3,5000,0
10499,70,2,10,1,512,6.52,720,1600,90,8,1.6,8,,50,2,,1,1,,64,4,5000,0
10499,65,2,10,1,1000,6.5,720,1600,,8,2,5,,13,,,1,1,,64,2,5000,0
10499,72,2,,1,512,6.53,720,1600,,8,2.3,5,,13,2,,1,1,,128,6,5000,0
10499,73,2,15,1,512,6.5,720,1600,90,8,2,8,,48,,,1,1,,64,4,6000,0
10499,72,2,18,1,256,6.5,720,1600,,8,2,8,,48,8,2,1,1,,64,4,6000,0
10490,67,2,,1,1000,6.51,720,1600,,8,2.3,8,,13,2,,1,1,,64,3,5000,0
10300,65,2,,1,128,5.5,1080,1920,,8,2,5,,13,,,1,1,,64,4,4100,0
9999,65,2,10,1,0,6.51,720,1600,,8,2.3,5,,13,2,,1,1,,32,3,5000,0
9999,67,2,,1,1000,6.5,720,1600,,8,1.8,5,,50,0.3,,1,1,,64,4,5000,0
9999,76,2,18,1,512,6.67,1080,2400,,8,2.3,16,,48,,,1,1,,64,4,5020,0
9999,74,2,33,1,256,6.95,1080,2460,90,8,2,8,,50,2,2,1,1,,64,4,7000,0
9999,75,2,20,1,1000,6.47,1080,2400,,8,2,13,,50,8,2,1,1,,64,4,5000,0
9999,73,2,33,1,512,6.7,1080,2400,,8,2,8,,50,2,,1,1,,64,4,5000,0
9999,69,2,,1,512,6.53,720,1600,,8,2,5,,13,,,1,1,,128,6,5000,0
9999,72,2,18,1,512,6.82,720,1640,90,8,2.3,8,,50,2,,1,1,,64,4,6000,0
9999,74,2,18,1,0,6.6,1080,2460,90,8,2,32,,48,2,2,1,1,,64,4,5000,0
9999,68,2,,1,0,6.5,720,1600,,8,2.2,5,,13,,,1,1,1,128,4,5000,0
9999,69,2,18,,0,6.5,720,1600,,8,2,8,,13,2,2,1,1,1,128,4,5000,0
9999,66,2,,1,256,6.52,720,1600,,8,2.3,5,,13,2,2,1,1,,32,3,4230,0
9999,64,2,,1,0,6.6,720,1612,,8,2,8,,13,,,1,1,,64,3,5000,0
9999,65,2,,1,0,6.51,720,1600,,8,2,8,,13,2,,1,1,,32,3,5000,0
9990,,2,,1,0,3.54,640,960,,8,2,2,,8,,,1,1,,64,4,2150,0
9990,75,2,18,1,0,6.3,1080,2340,,8,2,13,,48,,,1,1,,64,4,4000,0
9990,72,2,18,1,256,6.53,1080,2340,,8,2,16,,16,8,2,1,1,,64,4,5000,0
9990,64,2,,1,256,6.22,1520,720,,8,1.8,5,,13,2,,1,1,,32,3,4230,0
9990,65,2,,1,256,6.5,720,1544,,8,1.8,13,,13,2,,1,1,,64,4,5000,0
9990,63,2,15,1,512,6.4,720,1560,,,1.8,8,,13,5,2,1,1,,32,2,4000,0
9950,66,2,,1,1000,6.5,720,1600,,8,2.3,5,,13,2,,1,1,,64,3,5000,0
9690,71,2,,1,256,6.78,1080,2480,90,8,2,8,,50,2,,1,1,,64,4,5000,0
9589,71,2,18,1,512,6.7,720,1600,,8,2.4,5,,50,2,,1,1,,64,4,6000,0
9499,62,2,,1,1000,6.56,720,1612,,8,2.3,5,,8,,,1,1,,64,3,5000,0
9499,75,2,20,1,1000,6.53,720,1600,90,8,2.3,16,,50,,,1,1,,64,4,5000,0
9499,68,2,15,1,1000,6.5,720,1600,,8,2.3,5,,13,2,,1,1,,128,4,5000,0
9499,62,2,10,1,256,6.74,720,1600,,8,1.6,5,,13,2,2,1,1,,32,3,5050,0
9499,65,2,,1,1000,6.52,720,1600,,8,1.82,5,,13,2,2,1,1,,64,4,5000,0
9490,64,2,,1,256,6.35,720,1544,,8,2,8,,13,2,,1,1,,32,3,5000,0
9299,65,2,,1,1000,6.5,720,1600,,8,2.3,5,,13,2,,1,1,,32,3,5000,0
9299,67,2,10,1,512,6.53,720,1600,,8,2,5,,13,,,1,1,,128,4,5000,0
9022,70,2,10,1,0,6.5,720,1600,90,8,2.3,8,,16,2,,1,1,,64,4,5000,0
8999,,2,10,1,1000,6.51,720,1600,,8,,5,,8,,,1,1,,32,3,5000,0
8999,65,2,,1,1000,6.52,720,1600,,8,1.82,5,,13,2,2,1,1,,64,4,5000,0
8999,69,2,,1,256,6.6,720,1600,90,8,2.3,8,,13,,,1,1,,128,6,5000,0
8999,67,2,18,1,256,6.82,720,1640,90,8,2.3,8,,13,,,1,1,,64,4,6000,0
8999,65,2,,1,1000,6.52,720,1600,,8,2,5,,13,,,1,1,,32,3,4230,0
8999,71,2,10,1,1000,6.5,720,1600,90,8,2.3,8,,50,2,,1,1,,64,4,5000,0
8999,68,2,,1,1000,6.52,720,1600,,8,2,5,,13,,,1,1,,64,4,4230,0
8999,62,2,,1,256,6.5,720,1600,,8,1.6,5,,8,,,1,1,,64,4,5000,0
8999,68,2,,1,512,6.53,720,1600,,8,2.3,5,,13,2,,1,1,,64,4,5000,0
8999,69,2,18,1,256,6.5,1600,720,,8,1.8,8,,50,2,2,1,1,,64,4,5000,0
8999,64,2,,1,256,6.52,720,1600,,8,1.8,8,,16,2,,1,1,,64,4,5000,0
8999,64,2,,1,0,6.52,720,1600,,8,1.6,5,,13,2,,1,1,,64,4,5050,0
8999,,2,,1,256,6.2,720,1520,,8,2.1,8,,13,2,,1,1,,16,2,4000,0
8999,66,2,,1,256,6.5,720,1600,,8,2.3,8,,13,2,,1,1,,64,4,5000,0
8990,71,2,18,,0,6.58,1080,2408,90,8,2,8,,13,2,,1,1,1,64,6,5000,0
8990,61,2,10,1,0,6.51,720,1600,,8,2.3,5,,8,,,1,1,,32,3,5000,0
8990,62,2,10,1,1000,6.5,720,1600,,8,1.6,5,,8,,,1,1,,64,4,5000,0
8990,60,2,10,1,0,6,720,1440,,8,2,5,,13,,,1,1,,32,3,3000,0
8990,67,2,10,1,0,6.1,720,1560,,8,2.3,8,,13,,,1,1,1,64,4,5180,0
8968,72,2,18,1,0,6.6,1080,2408,,8,2.3,8,,50,2,,1,1,,64,4,5000,0
8950,64,2,,1,1000,6.5,720,1600,,8,1.8,5,,50,0.3,,1,1,,32,3,5000,0
8910,66,2,18,1,256,6.82,1640,720,90,8,1.82,8,,13,,,1,1,,64,4,6000,0
8890,63,2,,1,256,6.6,720,1612,90,8,2,8,,13,,,1,1,,64,4,5000,0
8859,67,2,18,1,0,6.5,720,1600,90,8,1.8,8,,16,2,2,1,1,,64,4,5000,0
8799,72,2,33,1,0,6.8,1080,2460,,8,2,8,,48,,,1,1,,64,4,5000,0
8720,64,2,10,1,1000,6.5,720,1600,,8,1.82,5,,8,,,1,1,,64,4,5000,0
8499,68,2,15,1,1000,6.5,720,1600,,8,2.3,5,,13,2,,1,1,,64,4,5000,0
8499,66,2,15,1,1000,6.5,720,1600,,8,2.3,5,,13,2,,1,1,,64,4,5000,0
8499,66,2,,1,1000,6.51,720,1600,,8,2.3,8,,13,2,,1,1,,32,3,5000,0
8499,66,2,,1,1000,6.51,720,1600,,8,2.3,8,,13,2,,1,1,,32,3,5000,0
8499,67,2,15,1,1000,6.5,720,1600,,8,2.3,5,,13,2,2,1,1,,32,3,5000,0
8399,61,2,10,1,512,6.52,720,1600,,4,2,5,,8,0.3,,1,1,,32,3,5000,0
8390,63,2,,1,256,6.6,720,1600,90,8,2.3,8,,13,,,1,1,,64,3,5000,0
8388,66,2,,1,512,6.53,720,1600,,8,2,5,,13,,,1,1,,64,4,5000,0
8299,62,2,,1,1000,6.52,720,1600,,8,1.82,5,,13,2,2,1,1,,32,3,5000,0
8299,63,2,,1,512,6.82,720,1600,,8,2,5,,8,    ,,1,1,,64,3,5000,0
8199,,2,,1,256,6.22,720,1520,,8,2,5,,13,,,1,1,,32,2,4030,0
8099,60,2,,1,128,6.5,720,1600,,,1.6,8,,13,,,1,1,,64,4,5000,0
7999,71,2,,1,1000,6.5,720,1600,90,8,1.8,8,,48,2,2,1,1,,64,4,5000,0
7999,65,2,,1,256,6.6,720,1600,90,8,2.3,8,,13,,,1,1,,64,4,5000,0
7999,70,2,,1,512,6.71,720,1650,,8,2,5,,50,    ,,1,1,,64,4,5000,0
7999,61,2,,1,1000,6.51,720,1600,,8,2.3,5,,8,,,1,1,,32,2,5000,0
7999,,2,10,1,1000,6.51,720,1600,,8,,5,,8,,,1,1,,32,2,5000,0
7999,61,2,,1,128,6.5,720,1600,,,1.6,13,,20,,,1,1,,32,4,5000,0
7999,61,2,10,1,1000,6.5,720,1600,,8,1.82,5,,8,,,1,1,,32,3,5000,0
7999,70,2,,1,0,6.6,720,1600,,8,2.3,8,,50,2,,1,1,,64,4,5000,0
7999,64,2,,1,256,6.52,720,1600,,8,2.3,5,,13,2,2,1,1,,32,3,6000,0
7999,70,2,,1,512,6.71,720,1650,,8,2,5,,50,    ,,1,1,,64,4,5000,0
7990,65,2,18,1,1000,6.5,720,1600,90,8,1.8,8,,16,2,2,1,1,,32,3,5000,0
7790,60,2,10,1,0,6.51,720,1600,,8,2.3,5,,8,,,1,1,,32,2,5000,0
7790,68,2,,1,256,6.52,720,1600,,8,1.8,5,,13,2,,1,1,,64,6,5000,0
7749,61,2,,1,0,6.52,720,1600,,8,1.6,5,,8,,,1,1,,64,4,5000,0
7499,68,2,,1,512,6.53,720,1600,,8,2.3,5,,13,2,2,1,1,,64,4,5000,0
7499,64,2,,1,512,6.53,720,1600,,8,2,5,,13,,,1,1,,32,3,5000,0
7499,68,2,,1,512,6.53,720,1600,,8,2.3,5,,13,2,,1,1,,64,4,5000,0
7499,66,2,10,1,512,6.53,720,1600,,8,2,5,,13,,,1,1,,64,4,5000,0
7499,,2,,1,128,4.5,480,854,,4,1.3,2,,5,,,1,1,,16,1,1900,0
7499,,2,,1,0,5.5,720,1440,,4,1.3,8,,13,,,1,1,,32,3,3000,0
7499,67,2,,1,256,6.2,720,1520,,8,1.99,13,,16,,,1,1,,128,6,4000,0
7399,62,2,,1,256,6.6,720,1612,90,8,2,8,,13,,,1,1,,64,3,5000,0
7320,60,2,,1,512,6.6,720,1600,,4,2,5,,8,,,1,1,,64,2,5000,0
7299,61,2,10,1,512,6.52,720,1600,,4,2,5,,8,,,1,1,,32,3,5000,0
7289,60,2,10,1,512,6.52,720,1600,,4,2,5,,8,0.3,,1,1,,32,2,5000,0
7249,66,2,15,1,1000,6.5,720,1560,,8,1.6,5,,48,2,,1,1,,32,3,5000,0
7145,,2,10,1,1000,6.5,720,1600,,8,1.6,5,,8,,,1,1,,32,2,5000,0
6999,62,2,10,1,256,6.56,720,1600,,4,2,5,,13,,,1,1,,32,3,5000,0
6999,,2,,,0,6.5,720,1560,,8,,8,,13,  ,    ,1,1,,32,4,4000,0
6999,61,2,,1,512,6.53,720,1600,,8,2,5,,13,,,1,1,,32,2,5000,0
6999,,2,,1,512,6.6,720,1600,,4,2,5,,8,,,1,1,,32,2,5000,0
6999,62,2,,1,256,6.5,720,1600,,8,1.8,5,,13,2,2,1,1,,32,3,5000,0
6999,66,2,,1,256,6.52,720,1600,,8,1.8,5,,13,2,,1,1,,64,4,5000,0
6999,,2,,1,0,6.1,720,1520,,4,1.3,5,,5,0.3,,1,,,16,1,4000,0
6999,,2,,1,0,6.8,720,1600,,4,2,5,,13,,,1,1,,32,3,4800,0
6999,,2,,1,256,6.1,1560,720,,8,2,5,,13,2,,1,1,,16,2,4000,0
6999,,2,,1,512,6.5,1600,720,,4,2,5,,8,,,1,1,,32,3,4000,0
6990,,2,,1,32,6.6,1600,720,,,1.3,8,,8,2,0.3,1,1,,32,2,4000,0
6899,,2,,1,0,2.8,240,320,,4,1.1,,,2,,,1,1,,4,512,1500,0
6799,61,2,,1,64,6.82,720,1560,,,1.3,13,,20,,,1,1,,64,4,5000,0
6699,61,2,18,1,128,6.6,1612,720,,8,1.6,5,,8,0.08,,1,1,,64,3,5000,0
6499,65,2,,1,512,6.53,720,1600,,8,2.3,5,,13,2,2,1,1,,32,3,5000,0
6499,,2,,1,1000,6.5,720,1600,,4,1.6,5,,8,,,1,1,,32,2,5000,0
6499,,2,10,1,512,6.52,720,1600,,4,2,5,,8,,,1,1,,32,2,5000,0
6499,61,2,,1,512,6.53,720,1600,,8,2,5,,13,,,1,1,,32,2,5000,0
6499,61,2,,1,0,6.52,720,1600,,8,1.6,5,,8,,,1,1,,32,2,5000,0
6490,,2,,,0,6.5,1600,720,,4,1.3,8,,8,0.3,,1,1,,16,1,5000,0
6490,,2,,1,256,6.5,720,1600,,8,1.6,5,,8,,,1,1,,32,2,5000,0
6490,61,2,,1,256,6.5,720,1600,,8,2.3,5,,13,2,,1,1,,32,2,5000,0
6299,60,2,,1,1000,6.5,720,1600,,8,1.82,5,,8,,,1,1,,32,3,5000,0
6299,,2,,1,1000,6.56,720,1600,,4,2,5,,8,,,1,1,,32,2,5000,0
6249,61,2,,1,256,6.51,720,1600,,,2.2,8,,13,2,,1,1,,32,2,5000,0
6199,,2,,,0,2.8,240,320,,2,1.1,,,,,,1,1,,4,512,1500,0
6190,,2,,1,0,6.26,720,1600,,4,2,5,,13,,,1,1,,32,4,3500,0
6171,,2,10,1,512,6.52,720,1600,,4,2,5,,8,,,1,1,,32,2,5000,0
5999,60,2,10,,0,6.5,720,1560,,4,1.8,5,,8,    ,,1,1,,64,6,4000,0
5999,60,2,,1,256,6.52,720,1600,,8,1.8,5,,8,,,1,1,,32,3,5000,0
5990,,2,,1,0,5,854,480,,4,1.4,0.3,,2,,,1,1,,32,2,3020,0
5990,,2,,1,32,6.5,1600,720,,4,1.3,8,,8,2,0.3,1,1,,16,1,4000,0
5890,,2,,1,128,6.09,1520,720,,8,1.6,5,,8,0.3,,1,1,,32,3,4000,0
5785,,2,18,1,128,6.6,1612,720,,8,1.6,5,,8,0.08,,1,1,,32,2,5000,0
5499,,2,,,0,6.54,720,1560,,4,2,5,,8,    ,,1,1,,32,4,4000,0
5490,,2,,,0,,,,,,,,,,,,1,1,,240,3.6,,0
5490,,2,,1,32,6,720,1600,,,1.3,5,,8,,,1,1,,16,1,4000,0
5299,,2,,1,1000,6.5,720,1600,,8,1.82,5,,8,,,1,1,,32,2,5000,0
5249,,2,,1,256,5.45,720,1440,,8,1.6,5,,5,,,1,1,,16,2,3000,0
4999,,2,,1,0,5.3,720,1480,,4,1.5,5,,8,,,1,1,,16,1,3000,0
4990,,2,,,0,2.7,240,320,,4,1.3,,,,,,1,1,,512,4,1450,0
4799,,2,,,0,,,,,,,,,,,,1,1,,,,,0
4787,,2,,,0,5,854,480,,4,1.4,,,2,,,1,1,,32,2,3020,0
4649,,2,,1,512,5.45,720,1440,,4,1.3,8,,13,,,1,1,,32,2,3500,0
4649,,2,,,0,,,,,,,,,,,,1,1,,,,,0
4499,,2,,1,128,5,720,1280,,,1.4,2,,5,,,1,1,,64,2,2800,0
3999,,2,,,0,5,854,480,,4,1.4,2,,5,,,1,1,,8,1,2400,0
3999,,2,,,0,,,,,,,,,,,,1,1,,,1200,,0
3990,60,2,,1,64,5.5,1080,1920,,8,1.5,5,,13,2,,1,1,,32,3,3500,0
3890,,2,,1,64,5,1080,1920,,8,1.5,13,,13,,,1,1,,32,3,2500,0
3749,,2,,,0,,,,,,,,,,,,1,1,,,,,0
3589,,2,,1,32,2.4,240,320,,,,,,0.3,,,1,1,,128,64,1150,0
3499,63,2,,1,128,6.1,720,1560,,8,2,5,,13,2,,1,1,,32,3,4000,0
3399,,2,,,0,,,,,,,,,,,,,,,,1200,,0
3290,,2,,,0,,,,,,,,,,,,,1,,240,2.4,,0
3099,,2,,1,32,2.4,240,320,,,,,,0,,,1,1,,128,64,1150,0
2999,,2,,1,128,2.4,320,240,,,1,0.3,,2,,,1,1,,4,512,2000,0
2799,,2,,1,64,2.4,320,240,,,,,,0.3,,,1,1,,128,64,2500,0
2799,,1,,,0,,,,,,,,,,,,,,,,200,,0
2499,,2,,1,32,2.4,240,320,,,,,,0.3,,,,,,,4,1020,0
2399,,2,,,0,,,,,,,,,,,,1,1,,,,,0
2239,,2,,,0,,,,,,,,,,,,1,1,,,,,0
2099,,2,,,0,,,,,,,,,,,,1,1,,,1800,,0
1999,,2,,1,32,4.5,480,854,,4,1.1,2,,5,,,1,1,,8,1,2000,0
1999,,2,,,0,,,,,,,,,,,,,,,,0,,0
1949,,2,,1,16,2,128,160,,,,,,0,,,,,,208,,800,0
1899,,2,,1,48,1.8,480,640,,,1,,,2,,,1,1,,48,48,2500,0
1850,,1,,,0,,,,,,,,,,,,,,,120,1.5,,0
1799,,2,,,0,2.8,240,320,,,,,,0,,,,,,16,8,1480,0
1762,,2,,1,32,1.8,120,160,,,,,,0.3,,,1,1,,48,128,1020,0
1749,,2,,1,64,2.8,240,320,,,26,,,0.3,,,,,,32,32,1900,0
1685,,1,,,0,,,,,,,,,,,,,,,,800,,0
1599,,2,,,0,1.77,120,160,,,,,,,,,,,,4,4,1000,0
1339,,2,,,0,,,,,,,,,,,,,,,,1750,,0
1299,,1,,,0,1.77,120,160,,,,,,0,,,,,,4,4,800,0
1299,,2,,,0,,,,,,,,,,,,,,,,800,,0
995,,2,,,0,,,,,,,,,,,,,,,,1000,,0
958,,2,,,0,,,,,,,,,,,,,,,,1200,,0
699,,2,,,0,,,,,,,,,,,,,,,500,,,0
649,,2,,,0,1.8,280,240,,,,,,0.3,,,,,,16,16,1000,0
599,,2,,,0,1.8,260,240,,,,,,0.3,,,,,,32,32,1000,0
99,,2,,,0,,,,,,,,,,,,1,,,,1325,,0
